latitude,longitude,smf
52.32,-121.92,66.62
18.0,-65.0,62.71
39.23550963,-121.2836963,63.37
42.471116,-72.17263,53.23
38.99297339,-123.0674491,72.45
18.0,-65.0,66.01
39.05,-99.1,66.81
46.42,-83.37,61.94
39.05,-99.1,64.16
44.23,-122.22,63.0
35.9076,-79.0506,71.66
43.303333,-89.3325,63.7
42.0,-93.0,100.0
39.6475,-79.9369,78.22
39.23550963,-121.2836963,65.39
31.11,-95.15,66.38
42.550409,-72.180244,67.91
18.0,-65.0,62.42
39.0844,-86.4705,74.18
18.0,-65.0,65.51
38.9365,-106.9428,64.3
47.6684,-121.924,79.93
41.84072517,-88.230263,65.68
42.3261,-71.1493,71.16
23.14,113.34,74.35
8.5,76.7,34.4
39.74,-123.63,81.49
70.469927,-157.407467,70.97
70.998542,-156.521316,83.52
70.998467,-156.521424,78.55
38.543092,-121.874896,73.24
24.094878,121.034072,74.11
-35.10537036,139.27284046,85.28
67.15655998,-50.06389101,93.75
-25.025508,152.379908,79.12
59.273691,24.550779,60.0
58.58016,26.43521,63.21
58.30223,22.0958,62.37
57.694204,27.377655,74.78
59.376641,24.039891,64.62
-37.8136,144.9631,67.51
-37.8136,144.9631,68.41
-1.94187532,102.5807841,60.91
28.68,121.43,72.56
31.29,121.5,9.1
45.19,8.25,63.29
28.54111111,121.37083333,57.82
44.2566,-86.083683,19.78
50.88,-120.35,62.22
65.225,-19.71194444,52.51
-9.44475,147.34958,43.12
58.92812,23.86384,60.88
-41.0832,-71.5514,68.54
9.17,-79.75,24.35
9.14,-79.88,25.63
-21.708519,-47.582469,65.26
31.99,34.82,47.23
45.68,-72.0,67.43
39.53,-107.78,70.9
39.53,-107.78,71.26
39.23550963,-121.2836963,70.49
46.42,-83.37,59.15
39.7291,-123.6419,69.06
37.83,-122.29,97.13
39.5673,-123.4758,56.54
57.1863,-2.2145,65.94
39.6475,-79.9369,78.43
38.9206,-106.9489,77.37
38.9206,-106.9489,83.41
39.070856,-96.582821,61.36
45.54,-73.72,68.73
26.6591,-80.6279,79.33
42.5315,-72.1899,70.56
42.481016,-72.178343,70.21
30.68,91.1,86.65
37.816,119.111,78.65
23.14,113.34,74.41
45.683333,126.633333,80.92
29.64,-82.34,90.76
46.70875,10.38853,82.02
26.4984,107.421,70.75
8.5,76.7,32.33
39.74,-123.63,79.9
39.74,-123.63,78.78
39.74,-123.63,81.5
-37.908647,145.139591,75.28
1.42,103.7,73.29
37.3,116.65,78.35
38.886306,-120.647694,76.57
58.58855,23.57538,63.36
59.18587,23.83031,62.97
58.5312,23.1117,60.4
58.787946,23.532754,64.91
59.51083,24.81622,67.43
4.991,52.454,70.33
22.48,113.57,81.99
39.5673,-123.4758,62.64
-2.06353604,102.8007258,56.72
37.3,118.62,77.34
28.68,121.43,71.87
35.06,-93.56,65.72
45.36,132.32,78.16
43.0,-92.5,81.17
50.88,-120.35,64.19
49.08,-89.38,66.64
1.42,103.7,68.94
51.82,11.7,66.3
42.532967,-72.180244,60.2
51.62,-128.09,67.31
37.4971,-122.133,98.73
42.0,-93.0,99.13
43.073,-89.4011,90.51
57.1863,-2.2145,71.81
41.8725,-89.3578,77.77
38.99297339,-123.0674491,74.93
44.23,-122.22,59.62
42.550409,-72.180244,61.11
38.8926,-106.9111,65.58
44.37,83.33,79.82
44.38,83.33,69.51
41.840719,-88.22980687,66.24
23.14,113.34,77.25
39.74,-123.63,79.9
30.40555556,34.95055556,72.8
71.296,-156.554483,64.13
43.93333,-71.75,61.41
42.67255,-77.040283,60.89
67.904114,18.611643,80.06
78.89878498,12.068203,87.41
57.84444,27.20142,48.91
59.5836,25.6283,62.91
58.30027,22.5766,61.49
58.142284,25.921816,59.91
59.06406,24.67274,60.99
58.669963,23.699157,59.68
58.30027,22.5766,59.88
43.577,4.368,76.02
-33.917926,151.235347,79.81
38.42,108.96,93.34
44.2566,-86.083683,21.57
38.98,121.53,95.84
-9.44475,147.34958,44.05
-37.73217,145.24386,69.38
36.77778,12.00829,59.68
30.45015,78.14575,65.51
-25.351,131.041,82.14
-36.67146,142.28934,75.14
-25.351,131.0423,76.21
28.043948,-81.393638,77.1
29.686609,-81.983,66.83
39.0,116.0,78.6
46.42,-83.37,60.12
18.0,-65.0,67.96
38.99297339,-123.0674491,76.01
38.88,-120.64,68.41
38.99297339,-123.0674491,72.97
38.88,-120.64,72.8
35.913,-79.056,65.05
49.0448,13.618,68.93
39.0042816,-77.1012173,66.62
45.54,-73.72,68.05
39.7181,-123.6527,77.54
18.0,-65.0,69.67
44.23,-122.22,60.19
40.81667,-104.76667,67.78
39.6475,-79.9369,76.47
42.5315,-72.1899,71.03
40.4449,-87.0297,70.96
28.15,116.55,17.97
44.38,83.33,68.84
21.9878,-101.2767,75.34
42.3261,-71.1493,63.03
44.18,86.02,76.52
40.23,117.23,76.85
23.14,113.34,78.23
46.70875,10.38859,78.92
1.42,103.7,68.2
37.3,116.65,77.87
38.544366,-121.876549,77.78
-30.4704,137.1363,80.24
-30.4704,137.1363,81.68
-34.233,138.309,69.95
38.973,-123.1164,61.69
43.93333,-71.75,66.55
43.93333,-71.75,63.95
72.369,126.475,77.87
67.15650902,-50.06398397,94.63
-25.025508,152.379908,73.08
-25.025508,152.379908,74.98
36.92195,-2.51109,75.32
58.07906,26.00937,62.39
58.0374,26.5666,62.43
35.38,100.38,98.49
-2.17502776,103.3327222,63.25
-2.18755552,103.3426111,59.98
39.7393,-123.6309,78.93
39.5673,-123.4758,70.85
53.93,-116.58,80.43
28.68,121.43,81.69
46.74472,131.69722,74.96
50.88,-120.35,62.01
3.303333333,101.62025,36.19
3.216666667,101.83975,38.47
58.28253,22.46296,62.78
45.41,-73.25,67.75
38.535556,-121.772778,13.37
28.071776,-81.42062,70.02
47.118581,-99.239944,72.37
51.82,11.7,66.82
51.82,11.7,66.42
-76.4373,161.007,75.31
42.550409,-72.180244,59.74
38.88,-120.64,72.32
9.1086,-79.8436,64.36
39.7291,-123.6419,66.26
38.7864,-120.429,80.39
41.8854,-89.3208,71.3
40.4449,-87.0297,74.77
42.0127,-93.7445,74.21
41.8784,-89.3541,71.99
43.312222,-89.370833,57.55
41.9035,-89.3341,69.33
44.23,-122.22,60.69
39.23550963,-121.2836963,71.26
38.9206,-106.9489,80.27
46.0356,-122.86,75.2
38.9362,-106.9425,56.82
31.33,120.42,13.22
41.840725,-88.23026287,68.1
31.41,121.67,77.64
23.14,113.34,77.38
46.70875,10.38856,91.66
71.298317,-156.5389,69.11
71.189085,-156.572434,78.36
-30.4704,137.1363,81.75
38.973,-123.1164,77.42
38.886306,-120.647694,74.58
58.47449,22.8236,64.39
58.15685,22.5004,65.76
58.07906,26.00937,62.55
21.5416,-158.0875,78.84
51.5,6.28,54.71
-22.2631,-69.7243,43.18
21.5416,-158.0875,77.91
45.41,126.45,73.04
35.06,-93.56,62.3
43.0,-92.5,70.17
44.219467,-85.668583,38.4
46.03,15.04,65.35
50.88,-120.35,61.71
38.88,-120.64,71.21
58.47449,22.8236,60.76
-5.9305,145.0335833,53.66
9.33,-79.78,21.7
-21.708519,-47.582469,68.0
49.08,-89.38,68.06
42.532967,-72.209488,55.67
38.88,-120.64,71.59
31.11,-95.15,67.49
46.42,-83.37,65.77
44.20517707,-122.1284473,67.36
38.9228,-106.9541,61.42
37.83,-122.29,95.13
38.083,-81.98,69.73
38.8825,-106.9105,52.04
42.0,-93.0,98.74
39.7291,-123.6419,71.15
40.4449,-87.0297,66.8
43.073,-89.4011,96.96
57.1863,-2.2145,76.21
38.9206,-106.9489,82.48
39.0042816,-77.1012173,63.8
38.9355,-106.9424,60.62
9.1086,-79.8436,65.66
9.1086,-79.8436,59.16
37.83,-122.29,99.78
44.23,-122.22,64.12
39.0042816,-77.1012173,61.89
42.532967,-72.209488,69.83
44.39,83.33,88.44
44.18,86.02,74.31
45.683333,126.633333,80.05
23.14,113.34,75.4
46.70875,10.38858,81.04
26.4984,107.42,84.54
39.74,-123.63,79.7
30.405,34.94916667,74.75
39.96,116.44,77.47
-38.25978792,174.90291541,73.19
-38.2609532,175.96048444,68.6
39.96,116.37,77.25
38.540587,-121.871302,45.46
-25.025508,152.379908,74.25
44.677,-90.177,34.34
58.4461,26.7493,59.77
59.49325,25.36253,71.9
58.33669,26.55972,56.61
58.97949,25.59474,62.37
58.31881,25.51712,59.43
39.5673,-123.4758,59.55
28.68,121.43,85.72
30.67,-87.95,79.67
37.3,96.86,78.53
44.2642,-86.1779,15.93
44.2642,-86.1779,22.73
50.88,-120.35,63.59
49.08,-89.38,65.98
-9.41755,147.37845,61.51
66.174167,25.156667,62.32
-17.01765,145.58442,62.0
-6.193333333,145.3425,48.75
39.09,-96.57,67.51
42.4586,-72.23196,68.7
28.04411,-81.39361,76.94
42.42443,-72.25822,72.88
51.82,11.7,72.56
51.82,11.7,68.71
45.68,-72.0,73.01
38.9825,-107.0101,63.28
38.99297339,-123.0674491,69.9
38.883,-106.9108,42.54
38.9354,-106.9424,64.99
37.4973,-122.1295,48.23
38.083,-81.98,70.68
39.5673,-123.4758,66.67
35.913,-79.056,64.79
37.83,-122.29,97.11
44.23,-122.22,58.95
31.25333333,34.75277778,67.04
68.623527,-149.584645,76.34
38.541763,-121.875162,78.45
24.087978,121.028934,73.8
-35.10536135,139.27284065,67.76
43.93333,-71.75,60.75
44.677,-90.177,43.9
58.047907,25.388749,63.15
59.18189,25.22027,62.86
58.959347,24.300177,61.58
57.62597,26.95557,65.05
57.87791,27.68945,66.54
39.7292,-123.6419,72.27
21.5416,-158.0875,82.23
33.62,102.87,70.51
47.5078,-93.4524,70.11
44.3101,-85.896583,21.71
44.320483,-85.977083,17.46
47.3,8.01,59.12
46.42,-83.37,65.37
-0.3466,-72.059,62.08
-9.42183,147.36922,65.37
-33.18,117.0478,72.86
1.42,103.7,68.5
9.33,-79.95,17.81
9.17,-79.74,23.24
9.12,-79.68,27.19
28.073,-81.42841,75.93
40.460659,-103.033324,74.71
29.67932,-81.94647,74.13
51.82,11.7,65.85
45.68,-72.0,72.66
39.534762,-107.782602,73.29
42.550409,-72.180244,63.27
37.83,-122.29,93.15
39.5673,-123.4758,74.76
9.1086,-79.8436,64.81
44.23,-122.22,65.92
35.913,-79.056,64.51
45.54,-73.72,73.02
39.534762,-107.782602,75.68
34.0136,-118.4673,79.97
37.83,-122.29,85.06
31.11,-95.15,68.09
39.0844,-86.4705,75.07
33.8834,-83.4195,80.06
26.6541,-80.6298,78.64
38.9203,-106.9486,58.97
39.53,-107.78,74.79
38.9137,-106.8949,61.98
28.15,116.55,31.93
23.14,113.34,77.21
23.14,113.34,77.43
71.189196,-156.572292,87.29
71.297883,-156.540983,83.5
70.068389,-156.105889,84.97
38.886306,-120.647694,78.89
59.30541,26.137067,63.52
58.35081,25.55063,64.76
58.526177,26.713798,64.05
58.39058,26.88647,60.24
57.70159,26.23994,59.91
58.13673,25.54067,62.42
51.5,6.28,50.68
-24.0883,-69.9946,37.7
-1.90988889,103.2662167,54.68
-66.369467,110.585574,84.94
38.6,-90.2,60.0
-12.37,130.867,64.27
44.346733,-85.481817,23.31
31.11,-95.15,72.82
31.11,-95.15,67.7
46.42,-83.37,67.77
-7.30579,147.1175,44.3
9.21,-79.6,28.98
29.684073,-81.959108,71.32
32.95784,-87.43257,65.07
31.194318,-84.477078,68.98
31.99,34.82,72.6
51.82,11.7,68.69
38.8826,-106.9101,61.44
31.11,-95.15,67.61
39.23550963,-121.2836963,69.18
26.6541,-80.6298,79.83
40.0633,-88.2058,78.95
36.0,-78.0,82.1
38.99297339,-123.0674491,73.14
38.8924,-106.9111,68.0
37.83,-122.29,90.96
37.4958,-122.1331,74.21
31.11,-95.15,71.35
42.0,-93.0,90.66
44.23,-122.22,62.87
41.8854,-89.3208,75.18
26.6591,-80.6279,80.88
38.9206,-106.9489,80.27
38.8927,-106.9112,46.38
43.312222,-89.370833,67.57
37.4969,-122.1331,55.14
39.0042816,-77.1012173,67.16
39.53,-96.582821,63.95
39.7291,-123.6419,72.34
39.070856,-96.582821,63.97
43.303333,-89.3325,68.31
38.9355,-106.9424,59.09
68.6137,-149.3144,68.42
35.9076,-79.0506,70.1
42.481016,-72.178343,67.58
38.9866,-107.0007,54.24
70.068389,-156.105889,88.06
67.903495,18.607988,81.96
58.131513,26.180962,65.23
43.0,-92.5,51.77
39.5673,-123.4758,64.7
39.7393,-123.6309,78.14
47.59,7.58,37.49
28.68,121.43,83.12
45.19,8.25,66.65
45.19,8.25,69.62
44.271933,-85.992533,38.4
50.88,-120.35,59.42
38.88,-120.64,74.38
43.2099,132.05064,53.41
42.03121,128.43149,70.41
-5.9305,145.0335833,54.81
45.41,-73.25,73.55
9.06,-79.64,20.64
52.32,-121.92,66.79
39.23550963,-121.2836963,69.62
18.0,-65.0,62.98
42.481016,-72.178343,68.18
44.23,-122.22,61.84
44.23,-122.22,61.76
42.550409,-72.180244,72.33
38.9206,-106.9489,79.27
42.0127,-93.7445,76.19
26.6591,-80.6279,79.59
45.9233,-120.701,79.35
39.0844,-86.4705,76.77
31.11,-95.15,67.2
38.8925,-106.9111,66.07
39.0844,-86.4705,74.38
57.1866,-2.2146,82.75
41.84071917,-88.22980712,66.75
23.14,113.34,76.0
26.4984,107.422,74.3
1.42,103.7,66.58
-38.57,-71.78,67.03
39.96,116.35,76.73
70.469927,-157.407467,79.62
-34.255,138.318,64.85
67.903495,18.607988,85.43
57.62597,26.95557,63.09
58.11988,25.54804,63.45
59.54978,24.80877,64.9
59.229154,24.011939,62.93
21.5416,-158.0875,74.81
51.5,6.28,51.21
-9.43501,147.37553,50.62
-35.11641,141.97633,77.91
9.19,-79.82,21.46
34.1843333333333,118.191166666667,72.42
28.043948,-81.393638,76.22
-76.0965,162.01,74.69
52.32,-121.92,64.56
42.532967,-72.209488,72.09
38.8708,-122.4274,68.43
38.88,-120.64,66.41
18.0,-65.0,60.89
35.913,-79.056,62.38
33.8834,-83.4195,66.14
40.4449,-87.0297,65.97
40.4449,-87.0297,67.06
39.7181,-123.6527,70.61
44.23,-122.22,62.48
9.1086,-79.8436,63.55
38.7966,-120.3833,82.49
39.7181,-123.6527,76.43
46.6253,-120.532,80.96
38.8826,-106.9101,50.43
41.84071908,-88.22980712,65.61
53.71653765,9.76824442,76.16
32.889,130.766,81.68
32.479787,119.136439,64.97
71.251669,-156.542107,80.53
68.623331,-149.584554,78.87
38.544366,-121.876549,32.85
38.543092,-121.874896,7.36
-30.4704,137.1363,81.87
63.88306,-149.22556,49.79
42.67255,-77.040283,61.2
72.369,126.475,79.01
38.886306,-120.647694,73.91
44.677,-90.177,34.13
58.8037,23.00227,69.99
-37.8136,144.9631,54.1
35.38,100.38,78.53
-2.0960072,102.7832653,57.12
46.53,125.19,86.49
44.2225,-85.753483,31.64
44.194817,-86.091533,27.57
53.4,16.3,67.49
-20.01863,29.47745,71.6
37.86361,14.04111,65.73
-25.3504,131.0516,75.66
9.35,-79.87,26.21
40.465241,-103.032116,84.41
52.32,-121.92,66.06
39.458,-79.073,68.52
37.4968,-122.1333,90.1
45.54,-73.72,70.82
37.4969,-122.1331,85.13
44.23,-122.22,64.69
39.6475,-79.9369,78.18
38.9206,-106.9489,80.39
39.0042816,-77.1012173,63.87
57.1866,-2.2146,80.45
39.070856,-96.582821,64.57
38.9206,-106.9489,82.25
39.5673,-123.4758,57.49
18.0,-65.0,66.62
18.0,-65.0,68.99
42.481016,-72.178343,71.61
28.15,116.55,15.83
44.18,86.02,75.55
-38.56430033,176.31705355,77.19
39.96,116.45,79.15
37.3,116.65,76.77
38.543092,-121.874896,72.93
38.545011,-121.876575,58.27
-30.4704,137.1363,82.03
38.973,-123.1164,76.18
43.93333,-71.75,65.03
42.67255,-77.040283,68.72
38.886306,-120.647694,75.0
44.677,-90.177,38.74
44.677,-90.177,28.34
44.677,-90.177,41.7
44.677,-90.177,35.07
57.288,22.721,63.2
58.73243,26.52714,62.43
58.4461,26.7493,60.66
58.74809,26.49781,60.0
-37.8136,144.9631,66.8
39.7292,-123.6419,74.38
39.7279,-123.6444,66.85
-1.8578889,103.3076111,60.97
23.05222,101.03506,74.53
19.95,110.58,74.32
47.5079,-93.4529,67.29
44.192783,-85.677217,19.96
38.98,121.53,91.94
38.98,121.53,99.26
68.38,-149.43,64.27
68.38,-149.43,67.36
46.42,-83.37,62.73
31.11,-95.15,65.39
31.11,-95.15,68.71
-9.41755,147.37845,58.47
37.90722,14.65722,65.77
38.535556,-121.772778,35.48
34.1843333333333,118.191166666667,71.81
38.883305,-78.120382,67.22
-76.3928,161.056,77.9
45.68,-72.0,66.76
18.0,-65.0,65.77
18.0,-65.0,61.87
42.471116,-72.209488,55.47
37.83,-122.29,93.25
38.9223,-106.9536,61.75
38.9765,-107.0043,60.34
38.88,-120.64,65.8
39.5673,-123.4758,58.23
43.312222,-89.370833,68.74
18.0,-65.0,66.56
44.23,-122.22,64.34
38.99297339,-123.0674491,77.85
44.4668,-109.6253,81.21
39.23550963,-121.2836963,66.68
41.84072517,-88.23026287,67.84
37.3,118.62,67.47
30.88,121.58,68.29
35.735,139.539,79.78
32.479787,119.136439,63.09
64.54,-51.12,75.18
-38.83,-71.65,69.22
39.96,116.46,77.71
39.96,116.38,77.33
37.3,116.65,78.61
71.189085,-156.572434,73.64
38.544366,-121.876549,77.4
38.544363,-121.876379,68.97
34.98167,-97.52056,63.21
44.677,-90.177,35.16
36.92195,-2.51109,81.12
58.47737,25.4637,65.41
59.3969,24.7292,67.57
58.13673,25.54067,65.78
58.458611,26.719139,64.41
58.71806,22.51694,59.89
58.156667,26.282222,62.9
-37.8136,144.9631,73.53
28.68,121.43,73.27
34.09,-118.43,78.19
38.42,108.96,89.83
48.26,134.66,63.13
33.62,102.87,70.87
44.346883,-85.484083,33.29
44.219467,-85.668583,31.59
68.38,-149.43,73.08
18.32096,-65.81974,53.79
-25.3504,131.0516,74.72
38.535556,-121.772778,36.13
9.08,-79.66,25.15
42.42723,-72.2299,72.92
42.42427,-72.258289,69.98
-21.708519,-47.582469,62.79
49.08,-89.38,61.49
38.88,-120.64,69.1
18.0,-65.0,67.21
44.23,-122.22,62.87
37.83,-122.29,98.33
42.481016,-72.178343,67.86
37.4965,-122.133,84.51
38.9137,-106.8949,41.54
51.62,-128.09,69.4
42.471116,-72.17263,69.47
40.4449,-87.0297,65.73
40.4449,-87.0297,66.06
38.9206,-106.9489,81.19
39.0042816,-77.1012173,66.55
38.9225,-106.9538,53.62
39.7291,-123.6419,63.65
49.08,-89.38,57.83
39.7291,-123.6419,62.81
48.4473,-122.323,84.19
41.84072508,-88.230263,66.7
23.14,113.34,75.49
38.249,140.244,75.22
-37.446379,144.470078,65.24
1.42,103.7,72.28
70.068559,-156.105719,69.45
68.623527,-149.584645,73.14
70.998542,-156.521316,76.16
42.67255,-77.040283,67.99
67.904568,18.607115,86.53
44.677,-90.177,42.7
44.677,-90.177,37.72
59.18189,25.22027,61.37
58.669963,23.699157,63.43
58.2778,26.9858,59.25
59.42275,24.6661,61.78
57.58569,26.64614,63.96
4.991,52.454,67.84
31.21,120.4,77.02
27.7,100.86,75.03
44.2566,-86.083683,20.61
47.3,8.01,61.97
65.225,-19.71194444,64.54
-25.351,131.041,75.24
38.535556,-121.772778,11.34
1.42,103.7,83.77
9.55,-79.6,19.32
34.1843333333333,118.191166666667,71.64
51.82,11.7,67.31
39.5673,-123.4758,69.07
18.0,-65.0,60.63
38.88,-120.64,69.52
18.0,-65.0,65.5
44.23,-122.22,65.08
38.9206,-106.9489,81.51
35.9076,-79.0506,72.49
44.23,-122.22,62.07
39.6475,-79.9369,78.73
51.62,-128.09,72.03
39.7181,-123.6527,76.67
18.0,-65.0,67.95
37.4968,-122.1333,85.91
44.18,86.02,76.39
52.6322959,1.1841943,83.11
21.50715,109.76373055,67.63
46.49,9.93,81.88
32.479787,119.136439,69.45
39.74,-123.63,78.71
39.74,-123.63,80.98
-23.977765,133.712524,65.25
1.42,103.7,67.4
37.3,116.65,79.8
71.189085,-156.572434,78.9
38.541763,-121.875162,36.06
38.545045,-121.875957,61.04
24.026494,121.136434,76.3
78.90129578,12.06726372,82.74
59.470133,25.279213,63.24
59.17464,27.79904,60.71
58.17839,26.86382,62.78
58.33669,26.55972,57.3
59.00725,24.570198,60.57
59.47063,25.298297,61.78
59.255354,24.144833,65.09
58.28634,26.54899,63.02
58.58016,26.43521,61.85
-37.8136,144.9631,76.74
39.5673,-123.4758,55.17
45.41,126.45,72.71
45.19,8.25,64.16
43.62,116.71,77.84
30.04,104.03,78.42
49.32,117.67,85.67
44.3101,-85.896583,26.29
68.38,-149.43,61.91
31.11,-95.15,71.07
31.11,-95.15,68.03
43.27805,133.15603,60.91
-5.9305,145.0335833,54.32
-7.30579,147.1175,45.14
45.41,-73.25,74.34
9.14,-79.88,23.17
9.09,-79.65,15.89
8.94,-79.6,20.84
34.1843333333333,118.191166666667,71.99
28.052638,-81.393374,74.9
38.889095,-78.168896,69.17
-21.708519,-47.582469,60.45
-21.708519,-47.582469,69.01
45.68,-72.0,70.82
18.0,-65.0,66.13
37.4961,-122.1331,71.89
38.9228,-106.9541,56.87
57.1866,-2.2146,86.05
38.9365,-106.9428,58.91
45.54,-73.72,69.06
38.9827,-107.0102,50.11
18.0,-65.0,62.97
38.9354,-106.9424,59.99
37.83,-122.29,98.34
39.05,-99.1,65.59
40.4449,-87.0297,65.58
38.9206,-106.9489,82.74
18.0,-65.0,62.62
38.88,-120.64,66.42
38.9738,-120.4934,88.58
31.33,120.42,18.74
44.37,83.33,90.17
23.14,113.34,79.08
51.55,14.22,7.48
32.889,130.766,76.59
39.74,-123.63,80.12
71.26,-52.6,63.75
-38.22184031,175.97088911,74.05
70.998467,-156.521424,81.27
71.251608,-156.542146,74.76
-35.105875,139.274772,88.74
42.67255,-77.040283,67.93
58.0405,27.0525,64.51
59.376641,24.039891,66.12
-37.8136,144.9631,75.21
51.5,6.28,52.34
-33.917926,151.235347,70.23
39.5673,-123.4758,70.4
21.5416,-158.0875,83.42
29.88,-92.96,81.37
28.62027778,121.415,63.68
44.192783,-85.677217,34.81
44.346733,-85.481817,10.63
31.11,-95.15,63.81
8.53,-79.9,28.56
9.19,-79.76,25.08
9.08,-79.79,22.39
39.99,-105.37,66.23
19.81,-155.26,60.41
32.898843,-87.446128,69.09
40.4651,-103.03191,80.44
28.07191,-81.42066,70.25
31.99,34.82,67.15
39.0,116.0,80.33
-77.65,163.116,79.26
45.68,-72.0,68.41
52.32,-121.92,66.55
42.471116,-72.17263,57.76
40.81667,-104.76667,64.98
39.05,-99.1,63.73
51.62,-128.09,64.73
38.9134,-106.8956,73.47
40.3809,-123.4135,70.96
33.8834,-83.4195,69.05
39.0352,-120.4422,89.36
39.5673,-123.4758,51.88
41.136,-111.9047,74.82
38.9871,-107.0011,57.73
38.88,-120.64,72.1
40.7999,-76.3402,82.94
28.15,116.55,21.28
44.39,83.33,83.19
44.37,83.33,90.06
23.621002,116.871869,91.0
45.683333,126.633333,81.68
22.29048333,109.76373055,67.4
-37.908647,145.139591,61.49
39.96,116.51,77.66
51.13547622,4.61028522,79.75
51.1353096,4.61158877,70.95
24.094878,121.034072,76.19
24.173609,121.299528,73.58
63.88306,-149.22556,59.19
42.67255,-77.040283,47.75
38.886306,-120.647694,75.58
44.677,-90.177,38.02
59.3834,24.04384,63.97
57.6288,22.2878,62.3
58.411706,25.288736,66.87
57.75965,27.47665,67.22
59.331037,23.927206,67.98
58.27872,27.32624,62.62
59.344267,23.919376,66.9
58.73243,26.52714,63.52
36.92195,-2.51109,56.37
-33.840172,151.058803,48.7
39.7393,-123.6309,79.45
43.0,-92.5,70.89
53.4,16.3,69.8
31.11,-95.15,65.7
-9.43501,147.37553,50.51
-0.05881,114.00517,48.15
38.535556,-121.772778,16.7
9.08,-79.79,22.55
9.0,-79.57,28.73
64.85,-147.84,63.23
-77.0276,161.216,81.32
38.9223,-106.9536,52.65
39.53,-107.78,73.04
38.9362,-106.9425,59.08
37.4965,-122.1329,79.62
51.62,-128.09,62.98
39.534762,-107.782602,85.78
39.070856,-96.582821,59.96
41.9002,-89.352,76.08
57.1866,-2.2146,85.16
45.654,-122.839,75.0
51.62,-128.09,64.66
44.20517707,-122.1284473,67.86
31.11,-95.15,69.02
42.532967,-72.209488,65.81
41.9002,-89.352,78.25
38.9206,-106.9489,81.89
37.83,-122.29,84.7
38.88,-120.64,64.08
38.883,-106.9108,43.52
38.9223,-106.9536,62.93
63.0472,21.7116,53.25
37.4962,-122.1329,78.57
37.4961,-122.1331,79.72
31.41,121.67,77.77
39.66,115.82,73.81
39.91,116.41,81.42
23.14,113.34,79.61
8.5,76.7,32.79
39.74,-123.63,81.24
39.96,116.52,79.51
68.623403,-149.584545,77.71
63.88306,-149.22556,43.9
43.93333,-71.75,64.16
38.886306,-120.647694,75.4
67.90334,18.606574,83.29
67.904687,18.610965,82.47
44.677,-90.177,42.81
44.677,-90.177,29.65
36.92195,-2.51109,75.23
58.490829,26.780575,66.63
58.89269,23.68405,62.14
57.908082,26.273912,63.25
59.331037,23.927206,66.52
59.3969,24.7292,65.49
58.156944,26.281944,70.42
58.32669,21.89557,55.32
59.067551,24.478428,60.05
-37.8136,144.9631,72.73
21.5416,-158.0875,78.68
39.06,-96.36,59.06
22.48,113.57,79.79
23.21189,102.38253,78.8
-12.37,130.867,61.44
35.897,-98.275,61.33
-25.351,131.0423,77.87
-25.351,131.041,79.09
38.535556,-121.772778,48.89
38.535556,-121.772778,30.96
9.19,-79.82,22.35
42.4,-85.4,61.39
34.1843333333333,118.191166666667,74.24
-21.708519,-47.582469,62.82
-77.0157,161.405,72.12
52.32,-121.92,68.11
52.32,-121.92,65.64
46.42,-83.37,57.67
38.9354,-106.9424,60.96
40.4449,-87.0297,68.12
9.1086,-79.8436,62.06
39.7291,-123.6419,67.64
38.9866,-107.0007,51.36
37.83,-122.29,100.0
39.7181,-123.6527,69.13
40.4449,-87.0297,64.55
38.9205,-106.9513,58.71
39.0042816,-77.1012173,62.49
40.7999,-76.3402,85.04
46.73,-117.18,99.23
28.15,116.55,38.25
23.14,113.34,77.38
23.14,113.34,77.4
21.49548333,109.76373055,65.63
45.683333,126.633333,82.86
46.49,9.93,78.8
-34.255,138.318,70.45
44.677,-90.177,42.09
58.27948,25.58374,61.91
58.08112,26.34164,57.43
58.959347,24.300177,61.06
58.458611,26.719139,65.77
59.307023,26.45794,62.36
58.31679,25.49964,62.8
51.5,6.28,51.88
50.8,8.812,43.29
39.7393,-123.6309,75.7
21.618669,69.865737,43.04
28.68,121.43,82.86
48.04444,133.46556,77.82
33.62,102.87,70.48
37.76,119.15,75.46
47.5079,-93.4523,65.99
44.3101,-85.896583,30.84
50.88,-120.35,60.47
38.88,-120.64,72.35
31.11,-95.15,67.89
43.37804,132.9514,55.73
4.573,-52.190583,59.71
-0.3919,-72.0461,52.95
-7.30364,147.13239,53.16
-7.30364,147.13239,52.43
45.41,-73.25,65.07
-25.3504,131.0516,79.03
38.535556,-121.772778,61.17
38.535556,-121.772778,31.37
1.42,103.7,85.26
9.15,-79.85,18.58
9.16,-79.75,19.85
9.0,-79.57,18.81
34.1843333333333,118.191166666667,74.28
28.05265,-81.39357,66.68
51.82,11.7,70.26
38.88,-120.64,68.25
18.0,-65.0,70.02
18.0,-65.0,62.85
38.99297339,-123.0674491,78.46
45.54,-73.72,72.66
37.9013,-109.5337,63.63
38.7866,-120.4291,81.88
26.6591,-80.6279,80.07
39.23550963,-121.2836963,69.16
45.2639,-110.8632,84.32
40.4449,-87.0297,67.83
42.550409,-72.180244,68.98
44.39,83.33,86.85
23.14,113.34,75.1
37.3,118.62,68.27
37.3,118.62,67.57
39.64,116.24,77.95
26.4984,107.426,96.38
26.4984,107.428,65.28
-29.22,30.1,71.56
39.74,-123.63,79.35
39.74,-123.63,82.08
-23.2,15.55,53.75
30.60916667,34.74583333,71.18
-74.3556,164.6956,100.0
-35.10536088,139.27280775,81.71
48.615,6.104,59.0
42.67255,-77.040283,31.44
44.677,-90.177,32.03
44.677,-90.177,37.36
36.92195,-2.51109,60.02
57.70159,26.23994,61.76
58.0405,27.0525,64.78
46.97,-118.62,85.77
39.5673,-123.4758,65.07
39.7393,-123.6309,78.35
20.93,110.16,71.25
31.96,-85.1,69.49
68.38,-149.43,69.62
53.4,16.3,68.42
38.88,-120.64,72.28
49.08,-89.38,70.58
-6.3755,145.2558333,46.51
-9.4448,147.34867,42.91
58.04579,24.71194,51.54
3.303333333,101.62025,39.42
-5.79035,145.05771,44.33
-9.43501,147.37553,51.86
-25.351,131.0423,77.87
9.16,-79.75,22.86
9.15,-79.85,18.15
43.94,-71.75,63.33
40.465241,-103.032116,75.07
38.88,-120.64,71.75
39.7291,-123.6419,67.98
42.481016,-72.178343,70.21
18.0,-65.0,70.3
40.81667,-104.76667,70.38
18.0,-65.0,64.82
18.0,-65.0,69.2
39.7291,-123.6419,63.61
39.6475,-79.9369,77.45
38.9821,-107.0102,64.55
39.55,-107.97,75.28
51.62,-128.09,62.08
42.481016,-72.178343,71.98
43.312222,-89.370833,56.56
68.6137,-149.3144,74.66
38.8758,-120.4437,80.18
39.6475,-79.9369,78.13
38.9206,-106.9489,82.14
39.0042816,-77.1012173,66.53
39.0042816,-77.1012173,65.96
39.5673,-123.4758,68.98
41.8725,-89.3578,76.68
42.550409,-72.180244,65.06
42.471116,-72.17263,59.99
38.88,-120.64,67.13
68.6137,-149.3144,67.47
40.7999,-76.3402,72.97
46.73,-117.18,93.54
37.47,105.02,85.83
23.14,113.34,79.44
44.18,86.02,75.54
27.4448,111.345,85.38
39.74,-123.63,80.01
-23.977765,133.712524,82.34
31.64222222,34.93304444,68.93
47.426944,8.518333,10.11
39.96,116.39,76.85
37.3,116.65,79.61
37.3,116.65,79.42
70.068476,-156.105802,79.26
-30.4704,137.1363,71.29
-35.10687009,139.27242482,75.95
-34.233,138.309,70.03
44.677,-90.177,38.28
57.84444,27.20142,47.2
58.331148,25.514008,71.02
58.27961,26.3716,58.76
59.61535,24.98596,65.19
43.0,-92.5,54.2
22.48,113.57,81.39
-1.995139,102.75225,58.09
22.48,113.57,82.07
30.38,113.28444,77.19
35.06,-93.56,67.16
24.47039,101.24619,76.28
45.07,122.31,78.4
45.19,8.25,66.41
45.78,126.55,78.22
30.69,-87.97,79.52
31.11,-95.15,69.38
-0.395,-72.08,67.82
48.9895,-57.787,58.98
38.535556,-121.772778,55.59
1.42,103.7,69.68
1.42,103.7,69.14
34.1843333333333,118.191166666667,82.2
29.679299,-81.946352,71.66
51.82,11.7,67.29
45.68,-72.0,73.02
52.32,-121.92,77.04
35.913,-79.056,63.53
38.88,-120.64,69.59
40.4449,-87.0297,65.74
37.4973,-122.1295,61.25
39.6475,-79.9369,77.82
39.032,-120.4433,84.78
9.1086,-79.8436,61.06
39.23550963,-121.2836963,71.73
38.88,-120.64,73.19
33.8834,-83.4195,78.37
39.0042816,-77.1012173,64.93
37.83,-122.29,92.69
39.0042816,-77.1012173,65.27
39.7181,-123.6527,78.38
42.550409,-72.180244,70.34
40.7999,-76.3402,87.99
23.14,113.34,74.47
45.683333,126.633333,80.5
38.540587,-121.871302,75.0
39.9022,96.2267,86.15
34.98167,-97.52056,61.33
48.615,6.104,79.62
38.973,-123.1164,72.76
43.93333,-71.75,63.44
-25.025508,152.379908,73.29
44.677,-90.177,38.45
36.92195,-2.51109,67.46
58.331148,25.514008,72.51
59.61535,24.98596,68.79
38.42,108.96,88.35
43.0,-92.5,66.82
44.194817,-86.091533,24.56
-13.53216667,131.3180833,67.79
20.34902,105.59649,53.38
-25.351,131.0423,77.83
38.535556,-121.772778,58.2
38.535556,-121.772778,6.92
9.2,-79.36,23.06
34.1843333333333,118.191166666667,71.69
28.073118,-81.428559,71.78
-76.4936,162.064,71.36
40.81667,-104.76667,73.88
40.81667,-104.76667,59.1
18.0,-65.0,66.75
38.99297339,-123.0674491,66.87
38.8925,-106.9111,61.15
9.1086,-79.8436,65.27
44.23,-122.22,65.74
42.481016,-72.178343,64.7
38.99297339,-123.0674491,79.75
63.0472,21.7116,92.36
38.9206,-106.9489,82.46
39.6475,-79.9369,76.45
38.88,-120.64,73.2
18.0,-65.0,62.47
41.84072508,-88.23026312,67.87
47.031111,13.011111,55.16
45.683333,126.633333,80.08
41.6656,-87.5497,82.67
51.36,14.15,6.48
39.74,-123.63,79.62
-23.14,16.08,53.41
69.27,-53.45,79.28
-38.82,-71.68,74.79
71.189196,-156.572292,81.89
24.087978,121.028934,78.07
-35.10684321,139.27243636,82.91
44.677,-90.177,41.38
58.35784,22.47637,52.85
58.11988,25.54804,62.48
58.35081,25.55063,63.77
57.917818,26.520691,61.95
4.991,52.454,69.44
51.5,6.28,49.48
21.5416,-158.0875,77.37
30.29,104.29,72.86
46.83,130.31,80.57
47.5079,-93.4523,53.0
38.98,121.53,92.95
68.38,-149.43,68.98
50.88,-120.35,65.3
50.88,-120.35,58.01
38.88,-120.64,70.63
49.08,-89.38,67.15
-6.3755,145.2558333,47.09
9.23,-79.39,22.11
34.1843333333333,118.191166666667,60.31
28.052638,-81.393374,65.33
51.82,11.7,64.9
52.32,-121.92,70.79
37.83,-122.29,87.01
39.7291,-123.6419,66.26
38.9767,-107.0044,63.96
37.83,-122.29,94.92
35.9076,-79.0506,66.6
38.8827,-106.9107,57.72
39.534762,-107.782602,72.67
39.458,-79.073,70.6
39.7181,-123.6527,76.8
42.481016,-72.178343,69.79
38.9206,-106.9489,77.45
38.9206,-106.9489,75.56
42.5315,-72.1899,72.93
57.1866,-2.2146,85.07
43.073,-89.4011,91.99
46.42,-83.37,64.72
26.6539,-80.6288,79.3
40.4449,-87.0297,68.26
39.7181,-123.6527,77.66
18.0,-65.0,62.55
51.62,-128.09,64.72
31.11,-95.15,70.78
31.41,121.67,77.74
37.45,104.97,85.26
37.49,105.03,87.98
51.36,14.15,6.88
39.74,-123.63,76.88
39.74,-123.63,83.61
38.543123,-121.874259,73.63
52.621337,1.22946,81.25
24.18566,121.341514,79.3
38.973,-123.1164,79.09
59.273691,24.550779,62.55
58.58463,23.57021,60.92
59.39017,27.87527,64.67
58.58855,23.57538,64.23
58.443813,25.507753,59.78
58.33807,25.45529,63.68
39.5673,-123.4758,75.25
43.577,4.368,74.93
-2.03026936,102.7709138,58.95
39.7292,-123.6419,73.81
34.09,-118.43,78.47
28.68,121.43,72.3
45.19,8.25,61.7
44.370933,-85.7071,21.46
50.88,-120.35,65.0
49.08,-89.38,64.38
49.08,-89.38,63.01
-9.42183,147.36922,66.78
42.06022,128.26089,72.28
45.41,-73.25,62.79
-35.12282,141.99678,81.9
38.535556,-121.772778,5.87
9.18,-79.83,25.15
9.16,-79.86,27.38
40.4631,-103.03305,82.57
40.460659,-103.033324,74.95
40.81667,-104.76667,67.95
31.11,-95.15,67.34
38.9765,-107.0043,58.77
38.9866,-107.0007,43.44
39.7291,-123.6419,70.03
38.9223,-106.954,60.2
38.0262,-109.5407,76.87
43.312222,-89.370833,57.4
57.1866,-2.2146,82.93
38.9206,-106.9489,81.28
39.0042816,-77.1012173,63.74
63.0472,21.7116,92.51
51.62,-128.09,62.28
39.05,-99.1,68.68
38.987,-107.0038,52.85
42.0127,-93.7445,76.2
40.4449,-87.0297,75.33
38.88,-120.64,67.28
39.6475,-79.9369,77.7
38.9763,-107.0041,47.72
28.15,116.55,69.55
37.45,104.95,85.48
42.3261,-71.1493,76.19
35.016,-96.033,65.93
46.06,14.28,80.66
32.889,130.766,81.99
39.74,-123.63,81.07
1.42,103.7,74.83
47.426944,8.518333,35.65
-38.22184031,175.97088911,71.86
37.3,116.65,77.57
24.087978,121.028934,74.23
42.67255,-77.040283,54.79
78.89637401,12.05637203,84.72
78.90046396,12.07252798,80.55
44.677,-90.177,40.1
58.756195,26.510963,62.5
46.97,-118.62,74.3
35.06,-93.56,61.7
22.48,113.57,81.96
28.68,121.43,81.36
28.68,121.43,73.91
46.40667,130.2125,70.86
38.6,-90.2,60.97
30.88,105.39,76.8
30.83,120.72,76.98
38.56,106.19,79.94
29.85,-92.97,60.31
35.473,-98.955,57.97
44.271933,-85.992533,33.45
68.38,-149.43,75.56
46.03,15.04,66.15
46.42,-83.37,61.47
49.01738,13.47508,53.65
2.982,102.313,53.55
68.06356,24.03387,61.41
45.41,-73.25,81.31
9.12,-79.9,24.83
29.68408,-81.9593,71.78
40.85117,-104.70109,76.21
39.53,-107.78,71.82
37.83,-122.29,97.44
43.073,-89.4011,97.74
39.7291,-123.6419,70.82
51.62,-128.09,62.68
57.1866,-2.2146,85.35
38.9206,-106.9489,80.26
35.913,-79.056,67.62
41.896,-89.3636,75.08
26.6539,-80.6288,76.79
21.766,-100.163,81.74
37.4971,-122.133,82.96
39.7291,-123.6419,65.07
31.41,121.67,77.38
39.88,116.74,78.85
23.14,113.34,73.95
23.14,113.34,75.6
53.71653765,9.76824442,77.11
46.49,9.93,79.15
48.579083,9.063333,80.76
30.88,121.58,72.37
32.889,130.766,78.06
32.889,130.766,75.72
39.74,-123.63,81.3
24.087978,121.028934,75.55
38.886306,-120.647694,72.99
44.677,-90.177,38.07
44.677,-90.177,35.03
59.17464,27.79904,60.43
58.3611,26.665,64.57
59.51025,26.57118,67.26
58.997561,23.739954,60.85
58.460278,26.726389,68.59
-37.8136,144.9631,68.93
39.5673,-123.4758,73.4
-2.05046312,102.753405,55.58
-2.07141763,102.7921114,58.46
34.09,-118.43,64.17
29.89,-92.96,40.62
31.6,100.0,76.58
45.19,8.25,68.55
47.5078,-93.4524,57.43
44.346883,-85.484083,37.2
38.88,-120.64,71.72
49.08,-89.38,65.19
46.42,-83.37,62.34
48.948,-57.934,47.44
-35.12282,141.99678,82.86
9.14,-79.88,25.04
42.532967,-72.209488,66.54
38.9206,-106.9489,79.23
46.42,-83.37,62.87
39.070856,-96.582821,65.21
40.282,-123.2869,61.28
39.7291,-123.6419,70.46
41.7655,-111.8143,66.96
38.8926,-106.9111,62.99
37.83,-122.29,96.17
38.9134,-106.8956,53.02
37.83,-122.29,91.42
44.20517707,-122.1284473,68.62
38.9206,-106.9489,79.71
38.9821,-107.0102,62.35
42.481016,-72.178343,72.05
39.7291,-123.6419,62.88
40.7999,-76.3402,73.0
23.14,113.34,79.43
40.1,116.21,78.75
-38.28882812,175.24687249,77.7
-39.2696086,176.69827871,76.26
70.469916,-157.40787,80.52
68.623403,-149.584545,58.14
51.13525406,4.60998481,75.66
78.90473899,12.08259498,80.97
78.90539504,12.06764099,76.33
5.162,52.652,73.7
51.5,6.28,52.73
46.97,-118.62,80.39
39.7393,-123.6309,78.47
21.5416,-158.0875,81.05
45.19,8.25,66.44
31.71,117.33,84.42
29.19,90.59,93.43
44.320483,-85.977083,36.14
46.03,15.04,65.23
31.11,-95.15,71.92
-0.3466,-72.059,57.83
68.96782,20.94322,59.35
-35.12282,141.99678,78.74
38.535556,-121.772778,72.55
42.9849,-81.2453,51.71
40.463935,-103.035332,76.69
32.977667,-87.432716,70.64
45.68,-72.0,72.6
42.481016,-72.178343,71.58
46.42,-83.37,62.49
38.9138,-106.8952,53.41
38.9203,-106.9486,63.05
49.08,-89.38,60.05
38.9694,-120.5005,89.85
9.1086,-79.8436,62.1
38.9206,-106.9489,71.77
42.0,-93.0,93.93
18.0,-65.0,62.6
18.0,-65.0,66.33
18.0,-65.0,59.12
44.23,-122.22,66.68
68.6137,-149.3144,71.38
41.84072508,-88.23026287,67.42
37.47,105.01,84.36
37.5,105.04,86.79
43.88,125.35,93.15
21.8275,-102.1208,68.93
-38.49675661,176.349819,70.99
37.3,116.65,79.84
38.543123,-121.874259,72.96
-35.10541527,139.27282854,80.08
48.615,6.104,74.9
44.677,-90.177,39.08
58.5312,23.1117,61.6
51.5,6.28,55.42
46.97,-118.62,79.97
45.41,126.45,73.43
45.41,126.45,71.89
33.23,118.33,73.43
22.1247,119.2879,98.12
68.38,-149.43,70.38
31.11,-95.15,67.92
46.42,-83.37,60.73
49.08,-89.38,65.11
5.305306,-59.925056,56.39
-43.1805,172.2229,43.14
-25.3504,131.0516,78.86
38.535556,-121.772778,42.81
9.55,-79.6,23.39
9.33,-79.78,23.46
34.1843333333333,118.191166666667,72.42
28.04392,-81.39349,76.99
31.99,34.82,40.03
24.918333,114.132778,92.79
-76.5803,161.097,81.14
45.68,-72.0,68.09
31.11,-95.15,67.2
31.11,-95.15,65.03
40.4449,-87.0297,71.92
39.23550963,-121.2836963,71.63
39.7181,-123.6527,76.47
40.4449,-87.0297,65.61
38.8825,-106.9105,58.87
39.6475,-79.9369,78.05
18.0,-65.0,62.85
18.0,-65.0,63.48
39.7291,-123.6419,69.85
40.6529,-104.9995,72.55
42.3261,-71.1493,70.35
23.622873,116.81516,86.61
23.14,113.34,79.33
44.18,86.02,77.89
23.14,113.34,79.2
21.49048333,109.76373055,68.55
43.36,116.4,76.29
-23.19,15.37,53.97
37.3,116.65,77.71
71.188863,-156.57256,82.82
68.480043,-155.757767,78.88
38.541894,-121.871537,79.14
-35.10537036,139.27284046,69.55
48.615,6.104,72.79
43.93333,-71.75,64.44
43.93333,-71.75,64.72
42.67255,-77.040283,48.63
-25.025508,152.379908,76.57
44.677,-90.177,27.77
44.677,-90.177,38.44
58.2778,26.9858,60.66
58.917285,23.550224,68.01
58.01829,22.17463,61.03
58.3611,26.665,66.04
36.92195,-2.51109,66.64
57.917818,26.520691,62.3
59.3834,24.04384,65.87
58.32802,26.81878,62.91
39.5673,-123.4758,69.84
-1.91097225,103.2666945,57.41
35.06,-93.56,61.18
28.68,121.43,72.36
-9.44475,147.34958,43.81
-6.01732,145.41601,56.85
-35.11641,141.97633,85.45
1.42,103.7,67.26
9.12,-79.68,19.53
45.4,-93.2,60.79
31.194506,-84.460063,69.68
51.82,11.7,66.66
51.82,11.7,68.22
52.32,-121.92,70.19
18.0,-65.0,62.03
42.471116,-72.17263,55.95
37.83,-122.29,98.1
34.0136,-118.4673,78.7
38.9206,-106.9489,78.19
39.0042816,-77.1012173,65.96
38.9223,-106.9536,52.78
31.11,-95.15,67.67
59.9982,10.7894,57.21
38.88,-120.64,66.46
39.7291,-123.6419,72.48
31.33,120.42,19.48
41.84072517,-88.23026312,68.49
31.41,121.67,79.27
42.3261,-71.1493,67.25
42.3261,-71.1493,62.67
23.14,113.34,74.73
46.06,14.28,80.19
26.4984,107.418,78.49
-37.908647,145.139591,57.57
39.96,116.31,76.65
37.3,116.65,82.38
34.98167,-97.52056,61.7
-35.105875,139.274772,82.48
67.903495,18.607988,84.13
44.677,-90.177,32.28
44.677,-90.177,38.2
58.131513,26.180962,64.49
59.434956,24.549185,64.54
59.4269,27.5136,65.38
5.162,52.652,75.92
-37.8136,144.9631,76.73
-37.8136,144.9631,73.45
21.5416,-158.0875,86.47
28.68,121.43,81.95
68.38,-149.43,71.79
31.11,-95.15,67.44
-36.67146,142.28934,75.65
9.18,-79.83,25.56
34.1843333333333,118.191166666667,71.26
51.82,11.7,67.69
39.0,116.0,78.93
44.20517707,-122.1284473,65.06
38.99297339,-123.0674491,71.95
38.99297339,-123.0674491,74.99
57.1866,-2.2146,83.82
49.08,-89.38,61.43
45.54,-73.72,68.09
37.83,-122.29,84.81
37.83,-122.29,96.78
39.7181,-123.6527,71.54
38.9137,-106.8949,57.3
38.9821,-107.0102,42.94
18.0,-65.0,69.06
44.23,-122.22,61.93
39.0844,-86.4705,79.0
38.9206,-106.9489,81.91
38.9206,-106.9489,78.95
39.5673,-123.4758,69.51
39.7181,-123.6527,74.53
43.303333,-89.3325,61.54
49.0431,13.617,62.6
39.0042816,-77.1012173,65.53
46.73,-117.18,73.6
23.14,113.34,75.93
48.578833,9.063472,78.36
48.578833,9.063472,78.76
27.4448,111.355,75.19
27.4448,111.349,82.59
39.96,116.5,77.0
38.540611,-121.870682,71.55
-35.10719951,139.27403065,66.25
43.93333,-71.75,65.11
42.67255,-77.040283,43.44
42.67255,-77.040283,54.0
72.369,126.475,77.92
38.886306,-120.647694,72.66
38.886306,-120.647694,77.66
44.677,-90.177,34.58
58.04579,24.71194,55.52
58.3245,26.5465,62.16
59.54978,24.80877,66.84
57.2431,22.6416,61.24
23.39,120.48,46.63
43.577,4.368,70.98
49.157543,5.39024799,81.26
38.98,121.53,92.89
46.42,-83.37,63.37
49.08,-89.38,62.11
46.42,-83.37,65.42
-6.193333333,145.3425,48.85
-9.4448,147.34867,44.08
24.162593,121.285533,62.51
-6.01602,145.40921,41.0
-9.42183,147.36922,67.15
9.09,-79.64,20.76
9.26,-79.96,22.73
34.1843333333333,118.191166666667,78.02
34.1843333333333,118.191166666667,66.02
40.46377,-103.03531,73.31
47.136134,-99.232896,67.76
-21.708519,-47.582469,62.0
52.32,-121.92,73.96
52.32,-121.92,64.54
39.070856,-96.582821,42.48
42.481016,-72.178343,72.9
38.99297339,-123.0674491,75.2
38.99297339,-123.0674491,80.45
44.23,-122.22,61.37
44.20517707,-122.1284473,65.99
42.0127,-93.7445,74.35
38.8723,-122.4268,69.68
40.81667,-104.76667,67.98
45.5468,-122.376,74.9
43.312222,-89.370833,66.54
-2.4196,-55.8163,9.62
43.303333,-89.3325,66.55
44.39,83.33,84.6
37.49,105.02,85.7
23.14,113.34,76.72
44.18,86.02,75.96
23.14,113.34,74.29
27.4448,111.344,69.24
39.74,-123.63,79.58
39.96,116.33,76.04
38.544366,-121.876549,66.54
43.93333,-71.75,63.27
38.886306,-120.647694,74.95
44.677,-90.177,30.45
58.31881,25.51712,58.35
58.61721,24.03508,62.35
-37.8136,144.9631,77.2
21.5416,-158.0875,82.03
39.7292,-123.6419,74.11
39.7279,-123.6444,65.16
51.991111,5.661972,75.61
45.41,126.45,74.26
33.62,102.87,70.01
23.93,117.41,77.41
44.320483,-85.977083,27.58
44.320483,-85.977083,23.23
44.2566,-86.083683,25.54
38.88,-120.64,70.59
51.91068,39.45722,68.45
8.7574,-82.26828,37.28
-35.11641,141.97633,78.58
-36.67146,142.28934,76.33
1.42,103.7,84.33
9.15,-79.85,18.27
18.3,-65.8,62.59
34.1843333333333,118.191166666667,79.49
34.1843333333333,118.191166666667,66.38
31.99,34.82,58.72
51.82,11.7,68.19
38.88,-120.64,74.3
18.0,-65.0,63.84
18.0,-65.0,65.44
45.54,-73.72,70.25
41.9002,-89.3556,66.24
40.4449,-87.0297,69.06
38.9225,-106.9538,50.13
44.23,-122.22,59.8
40.81667,-104.76667,70.93
35.9076,-79.0506,71.42
39.070856,-96.582821,63.27
40.7999,-76.3402,86.92
39.74,-123.63,83.32
39.74,-123.63,79.61
37.3,116.65,78.75
37.3,116.65,81.9
48.615,6.104,62.18
38.973,-123.1164,78.59
43.93333,-71.75,63.36
43.93333,-71.75,63.48
38.886306,-120.647694,82.08
57.594205,26.3241,60.98
58.329722,26.932778,73.49
51.5,6.28,53.68
43.0,-92.5,53.42
-2.07562384,102.7924752,59.66
39.7393,-123.6309,77.88
21.5416,-158.0875,84.76
28.68,121.43,84.32
33.62,102.87,71.16
38.98,121.53,89.65
38.794287,-9.415508,56.71
1.42,103.7,81.89
1.42,103.7,69.59
9.15,-79.85,16.8
9.26,-79.96,19.64
35.0,-83.5,59.97
-76.4701,161.27,77.26
39.458,-79.073,70.05
40.81667,-104.76667,67.3
31.11,-95.15,68.73
18.0,-65.0,62.84
40.81667,-104.76667,68.54
38.9365,-106.9428,59.21
44.20517707,-122.1284473,66.19
38.9825,-107.0101,58.05
42.532967,-72.209488,61.54
40.5452,-123.5105,66.39
40.0633,-88.2058,76.4
39.5673,-123.4758,53.71
44.37,83.33,82.49
30.68,91.1,85.58
42.3261,-71.1493,74.59
44.18,86.02,75.97
23.14,113.34,76.34
23.14,113.34,76.59
43.33,116.4,79.54
45.683333,126.633333,73.75
23.14,113.34,74.95
46.49,9.93,81.43
46.70875,10.38845,77.87
30.88,121.58,72.15
46.06,14.28,81.59
26.4984,107.43,59.45
26.4984,107.424,75.61
-25.56,29.56,78.11
-36.47868802,174.64174341,61.61
68.623403,-149.584545,76.62
70.068559,-156.105719,78.83
-30.4704,137.1363,70.23
-30.4704,137.1363,80.93
34.98167,-97.52056,64.86
63.88306,-149.22556,68.04
43.93333,-71.75,64.66
43.93333,-71.75,65.01
42.67255,-77.040283,53.33
44.677,-90.177,40.6
58.4625,26.72,69.44
59.470133,25.279213,61.04
57.75965,27.47665,65.23
36.92195,-2.51109,76.08
-33.840172,151.058803,48.31
39.7292,-123.6419,70.62
39.5673,-123.4758,72.04
39.7292,-123.6419,79.32
22.44,113.63,81.87
43.0,-92.5,75.83
44.346733,-85.481817,23.79
44.346883,-85.484083,32.96
44.2225,-85.753483,32.91
36.78,100.0,73.33
38.535556,-121.772778,57.1
31.187672,-84.455851,67.23
39.53,-107.78,73.81
42.471116,-72.17263,55.75
18.0,-65.0,68.38
39.23550963,-121.2836963,65.21
45.6356,-110.571,75.35
37.83,-122.29,85.12
38.8711,-122.4276,73.89
39.7181,-123.6527,78.14
44.23,-122.22,64.67
39.458,-79.073,70.77
43.312222,-89.370833,57.8
42.5315,-72.1899,74.06
18.0,-65.0,63.35
42.532967,-72.209488,55.36
37.83,-122.29,98.71
38.9138,-106.8952,57.43
39.0042816,-77.1012173,64.12
42.0,-93.0,97.19
40.7999,-76.3402,72.27
44.39,83.33,87.77
44.37,83.33,75.98
44.18,86.02,74.03
29.58,111.61,85.81
31.63027778,34.91472222,63.29
37.3,116.65,79.5
71.251608,-156.542146,80.1
71.251608,-156.542146,85.7
70.068476,-156.105802,79.87
52.621337,1.22946,87.13
38.973,-123.1164,75.62
38.886306,-120.647694,74.59
38.886306,-120.647694,76.74
67.15651598,-50.06386997,94.51
67.15638698,-50.08376702,73.08
78.89617201,12.06221597,87.85
67.08225802,-50.32251497,80.87
58.28634,26.54899,63.92
58.32669,21.89557,56.44
58.411706,25.288736,63.22
-37.8136,144.9631,72.96
-2.09240667,102.8030459,56.36
35.38,100.38,98.69
23.1295,102.74125,77.53
39.06,-96.36,49.59
28.79583,112.34306,74.1
29.85,-92.97,75.6
44.3101,-85.896583,31.88
50.88,-120.35,64.71
49.08,-89.38,69.04
5.40594,116.10272,36.75
36.77594,12.01178,67.81
-24.755,46.85,50.44
36.81852,12.01496,65.91
-25.3504,131.0516,75.19
9.17,-79.74,24.79
9.15,-79.85,18.86
42.53,-72.19,66.72
51.82,11.7,66.63
45.68,-72.0,69.06
52.32,-121.92,75.81
18.0,-65.0,66.45
39.070856,-96.582821,61.75
38.99297339,-123.0674491,75.42
38.9825,-107.0101,57.68
38.8712,-122.4276,71.86
42.481016,-72.178343,65.59
41.8725,-89.3578,73.88
43.312222,-89.370833,68.25
38.7384,-120.4045,81.99
57.1866,-2.2146,82.78
38.9767,-107.0044,45.14
38.9206,-106.9489,78.92
39.5673,-123.4758,66.33
63.0472,21.7116,55.01
35.9076,-79.0506,71.97
31.33,120.42,33.2
31.33,120.42,18.76
44.39,83.33,90.6
44.39,83.33,87.53
45.683333,126.633333,79.62
31.642372,34.935008,68.81
47.426944,8.518333,20.05
71.188863,-156.57256,73.44
38.541886,-121.871718,76.45
28.53861111,121.37805556,63.78
67.903826,18.609718,84.54
78.90166702,12.06224397,80.07
-25.025508,152.379908,74.07
44.677,-90.177,39.74
44.677,-90.177,30.01
44.677,-90.177,31.87
58.4709,26.7251,66.95
59.255354,24.144833,64.24
58.156667,26.282222,64.94
21.5416,-158.0875,81.76
39.5673,-123.4758,62.71
44.192783,-85.677217,38.61
44.194817,-86.091533,36.15
50.88,-120.35,64.81
49.08,-89.38,67.71
-24.95273,47.00282,67.4
-6.01602,145.40921,43.62
29.45644,79.22805,64.34
67.85596,19.47575,62.92
-25.351,131.041,79.16
-25.351,131.0423,77.02
-35.12282,141.99678,79.33
1.42,103.7,73.23
9.12,-79.67,24.75
34.1843333333333,118.191166666667,73.34
-77.0138,161.428,70.95
42.532967,-72.209488,60.18
18.0,-65.0,68.91
44.23,-122.22,58.01
38.9767,-107.0044,40.24
37.83,-122.29,91.22
39.5673,-123.4758,64.88
39.0042816,-77.1012173,63.73
46.6992,-120.899,75.97
49.08,-89.38,60.68
42.0,-93.0,91.61
40.5253,-123.5031,67.02
39.7181,-123.6527,77.4
40.4449,-87.0297,66.15
28.15,116.55,42.03
35.016,-96.033,69.04
29.58,111.64,73.72
32.479787,119.136439,68.89
37.3,116.65,81.96
38.543092,-121.874896,17.84
24.173609,121.299528,77.79
63.88306,-149.22556,45.57
43.93333,-71.75,65.11
38.886306,-120.647694,76.85
67.08222499,-50.322435,82.33
44.677,-90.177,44.69
58.92812,23.86384,61.21
58.82173,23.07168,63.05
59.5769,25.9528,63.22
58.917285,23.550224,70.75
-22.26319,-69.72428,51.89
43.0,-92.5,51.26
43.0,-92.5,52.43
-1.8255278,103.2942222,54.39
39.5673,-123.4758,68.61
28.68,121.43,81.4
29.82,-94.02,74.81
45.19,8.25,57.15
45.19,8.25,64.19
43.0,-92.5,76.89
44.2642,-86.1779,36.93
47.3,8.01,64.95
50.88,-120.35,67.33
49.08,-89.38,63.63
-12.70141667,130.9983333,66.42
-5.79035,145.05771,46.06
-25.351,131.041,74.17
-36.67146,142.28934,76.46
42.9849,-81.2453,49.72
9.14,-79.88,26.88
19.81,-155.26,61.65
42.53,-72.19,61.72
34.1843333333333,118.191166666667,72.78
29.68644,-81.98301,74.23
32.977667,-87.432716,72.76
-21.708519,-47.582469,61.95
39.23550963,-121.2836963,69.85
38.88,-120.64,65.03
18.0,-65.0,66.81
38.88,-120.64,70.8
38.9138,-106.8952,57.7
38.8924,-106.9111,44.29
57.1866,-2.2146,84.93
39.0042816,-77.1012173,53.08
18.0,-65.0,64.34
42.481016,-72.178343,67.03
35.9076,-79.0506,72.3
57.1863,-2.2145,76.49
44.23,-122.22,63.48
39.7181,-123.6527,78.39
38.9206,-106.9489,81.48
38.9206,-106.9489,82.54
31.11,-95.15,64.24
37.4961,-122.1331,77.39
49.08,-89.38,62.73
9.1086,-79.8436,65.87
68.6137,-149.3144,78.42
46.73,-117.18,99.08
37.46,104.97,85.3
42.3261,-71.1493,83.56
23.14,113.34,75.69
23.14,113.34,77.59
35.812,-98.262,65.89
32.479787,119.136439,68.79
39.74,-123.63,81.1
30.785336,34.767347,75.5
24.18566,121.341514,68.42
67.15211598,-50.04869697,99.1
44.677,-90.177,40.2
44.677,-90.177,37.86
36.92195,-2.51109,62.55
58.997561,23.739954,60.2
57.288,22.721,62.53
-23.39321,-69.60378,39.52
46.97,-118.62,81.27
43.577,4.368,73.23
39.7279,-123.6444,64.08
34.09,-118.43,78.19
30.0,106.96,68.1
44.194817,-86.091533,23.17
50.88,-120.35,66.54
31.11,-95.15,67.64
48.948,-57.934,54.93
-35.11641,141.97633,82.34
34.1843333333333,118.191166666667,78.27
34.1843333333333,118.191166666667,59.44
34.1843333333333,118.191166666667,68.51
-76.52,161.45,65.4
38.9355,-106.9424,57.89
35.913,-79.056,65.66
49.08,-89.38,61.79
38.8827,-106.9107,53.19
38.88,-120.64,68.93
39.5673,-123.4758,70.94
39.7291,-123.6419,65.54
42.481016,-72.178343,66.62
39.7291,-123.6419,73.93
57.1866,-2.2146,85.84
37.83,-122.29,96.63
38.88,-120.64,65.23
38.9203,-106.9486,54.3
38.9228,-106.9541,62.33
37.4972,-122.1293,67.02
39.7181,-123.6527,74.76
39.6475,-79.9369,77.06
43.312222,-89.370833,68.69
40.4449,-87.0297,71.42
45.6996,-121.669,75.64
68.6137,-149.3144,70.1
28.15,116.55,58.54
21.8363,-105.0829,70.31
23.14,113.34,75.68
37.3,118.62,65.04
39.74,-123.63,82.81
1.42,103.7,65.19
-36.88597755,175.03967816,58.55
24.18566,121.341514,79.01
72.369,126.475,75.8
38.886306,-120.647694,72.59
67.15646099,-50.08366501,76.47
58.62038,24.10171,59.97
57.84645,27.20106,62.41
58.4709,26.7251,64.63
58.39058,26.88647,59.73
57.179,24.844,58.68
59.06406,24.67274,62.23
46.97,-118.62,83.51
53.93,-116.58,81.92
28.68,121.43,71.77
45.41,126.45,74.46
45.41,126.45,76.15
28.68,121.43,71.93
28.68,121.43,83.11
21.618669,69.865737,42.27
45.19,8.25,67.25
35.473,-98.955,60.0
50.88,-120.35,63.02
46.42,-83.37,64.15
-54.47952,-67.44773,67.0
-9.43501,147.37553,50.73
-25.3504,131.0516,78.41
42.9849,-81.2453,57.06
48.45142224,9.49105114,44.93
9.14,-79.86,25.07
9.34,-79.99,19.07
47.136134,-99.232896,68.93
40.463935,-103.035332,73.11
40.465241,-103.032116,76.45
28.04389,-81.39346,76.05
42.392303,-72.25458,75.91
51.82,11.7,72.86
51.82,11.7,70.13
45.68,-72.0,73.91
42.550409,-72.180244,63.18
51.62,-128.09,65.68
35.913,-79.056,60.42
47.0,-122.0,65.92
38.9206,-106.9489,78.53
9.1086,-79.8436,63.62
9.1086,-79.8436,67.95
39.5673,-123.4758,67.2
42.481016,-72.178343,75.43
39.5673,-123.4758,69.66
9.1086,-79.8436,61.99
44.4668,-109.6253,76.69
38.88,-120.64,69.88
49.08,-89.38,69.97
45.54,-73.72,66.46
37.83,-122.29,97.8
38.88,-120.64,70.31
35.9076,-79.0506,70.69
41.9002,-89.3556,80.84
39.05,-99.1,65.42
18.0,-65.0,68.18
38.9765,-107.0043,56.01
31.33,120.42,42.75
37.47,104.98,86.91
23.14,113.34,76.22
28.37,106.58,81.75
-25.54,28.3,85.2
35.735,139.539,78.17
70.469916,-157.40787,75.57
68.480101,-155.757647,76.63
38.545045,-121.875957,76.96
63.88306,-149.22556,60.6
67.05702002,-50.45979604,79.59
44.677,-90.177,38.58
44.677,-90.177,32.3
44.677,-90.177,42.48
44.677,-90.177,39.09
58.82173,23.07168,60.9
58.35784,22.47637,50.65
58.23408,22.44107,61.13
59.4269,27.5136,65.19
58.01829,22.17463,60.75
58.47449,22.8236,63.12
46.97,-118.62,76.47
22.48,113.57,81.17
39.5673,-123.4758,61.79
-1.92777779,103.2593889,59.86
21.5416,-158.0875,82.43
40.9,121.83,81.42
44.271933,-85.992533,33.77
48.41684041,9.35832466,49.3
-6.193333333,145.3425,48.59
9.23,-79.39,20.23
34.1843333333333,118.191166666667,74.8
-21.708519,-47.582469,63.0
45.68,-72.0,70.25
38.88,-120.64,68.94
38.99297339,-123.0674491,79.61
46.42,-83.37,60.23
42.550409,-72.180244,67.03
38.8693,-122.4283,69.27
39.7181,-123.6527,75.0
37.83,-122.29,89.92
38.9362,-106.9425,74.72
38.88,-120.64,70.26
35.9076,-79.0506,70.04
18.0,-65.0,62.51
39.7181,-123.6527,76.48
37.9813,-109.5168,82.44
31.34,90.6,85.36
37.48,105.02,85.1
44.18,86.02,76.79
23.14,113.34,74.78
46.49,9.93,85.14
27.4448,111.35,85.6
26.4984,107.432,80.24
39.74,-123.63,82.74
-37.926514,145.313136,64.39
-38.05468036,175.34585818,74.04
39.96,116.42,77.67
37.3,116.65,78.72
38.540611,-121.870682,52.42
-35.10537036,139.27284046,69.63
38.886306,-120.647694,78.62
44.677,-90.177,37.4
44.677,-90.177,36.67
58.353845,22.248666,67.12
58.434,23.3011,61.14
39.5673,-123.4758,65.51
43.577,4.368,76.01
22.48,113.57,79.02
45.41,126.45,75.58
28.68,121.43,82.32
50.88,-120.35,64.85
50.88,-120.35,65.78
-9.4448,147.34867,40.95
-6.01602,145.40921,44.33
-42.833,146.367,56.25
45.41,-73.25,72.48
-25.351,131.0423,76.43
-25.351,131.041,81.36
43.94,-71.75,59.26
47.128258,-99.257768,68.32
31.99,34.82,85.69
51.82,11.7,64.11
51.82,11.7,65.81
-76.4373,161.007,65.17
52.32,-121.92,70.94
38.88,-120.64,72.19
49.08,-89.38,68.61
38.99297339,-123.0674491,78.9
39.53,-107.78,68.87
42.471116,-72.17263,54.42
37.4958,-122.1331,68.17
51.62,-128.09,67.88
51.62,-128.09,65.47
37.83,-122.29,99.09
39.7291,-123.6419,63.7
40.4449,-87.0297,63.66
9.1086,-79.8436,61.39
43.073,-89.4011,95.53
26.6591,-80.6279,79.69
42.481016,-72.178343,72.96
43.312222,-89.370833,67.4
39.6475,-79.9369,78.41
31.41,121.67,77.47
23.14,113.34,76.06
23.14,113.34,74.39
23.14,113.34,76.87
32.479787,119.136439,64.57
-37.446379,144.470078,63.26
-38.57541947,176.17449386,75.4
47.426944,8.518333,11.18
68.480043,-155.757767,83.65
38.540587,-121.871302,78.99
51.6,9.9,75.7
57.84645,27.20106,62.4
58.378889,26.643056,72.22
58.93359,22.39061,65.85
57.43844,27.30075,69.63
58.35759,26.63616,65.84
-2.07392,102.81531,67.23
-2.14044,102.85119,55.53
37.3,118.62,76.96
29.82,-94.02,62.46
36.88,101.02,74.49
45.19,8.25,68.15
-6.193333333,145.3425,48.97
-9.44475,147.34958,46.42
42.9849,-81.2453,50.24
1.42,103.7,69.09
-21.708519,-47.582469,63.72
51.82,11.7,64.61
18.0,-65.0,63.72
31.11,-95.15,67.02
40.4449,-87.0297,67.64
39.7291,-123.6419,65.21
36.0,-78.0,79.46
38.7577,-120.4371,81.84
38.9206,-106.9489,81.83
38.9871,-107.0011,62.71
38.99297339,-123.0674491,75.34
39.7291,-123.6419,61.41
41.84071908,-88.22980687,64.88
23.14,113.34,79.54
44.18,86.02,75.3
48.578833,9.063472,78.12
46.06,14.28,80.42
39.74,-123.63,82.52
80.82,-66.39,86.77
30.60916667,34.74583333,72.59
23.13,113.28,92.18
43.93333,-71.75,64.62
59.5769,25.9528,61.47
58.443813,25.507753,60.72
58.08112,26.34164,56.9
4.991,52.454,70.84
39.5673,-123.4758,70.11
-2.07725898,102.7731989,57.33
31.29,121.5,86.66
45.19,8.25,70.22
30.48,91.1,78.26
45.19,8.25,69.18
46.03,15.04,66.02
31.11,-95.15,69.22
31.11,-95.15,71.93
30.3218,119.4427,53.22
-6.3755,145.2558333,46.67
9.2,-79.77,18.94
18.3,-65.8,51.62
29.702914,-82.008881,77.34
51.82,11.7,63.27
52.32,-121.92,65.56
35.913,-79.056,63.51
38.88,-120.64,69.89
38.88,-120.64,67.96
39.534762,-107.782602,75.87
37.4965,-122.133,78.49
39.53,-107.78,77.33
18.0,-65.0,64.76
46.42,-83.37,61.19
40.4449,-87.0297,66.1
21.195,-100.439,80.05
44.23,-122.22,57.9
42.481016,-72.178343,68.69
26.6539,-80.6288,76.89
39.0844,-86.4705,76.81
38.9203,-106.9486,58.58
18.0,-65.0,63.1
49.08,-89.38,63.28
38.9134,-106.8956,47.79
37.496,-122.1329,72.5
40.81667,-104.76667,71.74
38.8827,-106.9107,54.65
40.4449,-87.0297,63.43
37.4969,-122.1331,83.93
45.683333,126.633333,81.44
35.473,-98.955,36.19
26.4984,107.419,87.65
39.74,-123.63,79.18
39.74,-123.63,83.05
39.74,-123.63,77.46
-66.369468,110.585626,86.71
-37.446379,144.470078,66.41
24.173609,121.299528,78.3
42.67255,-77.040283,70.24
38.886306,-120.647694,82.15
44.677,-90.177,43.18
44.677,-90.177,36.86
58.97949,25.59474,62.57
36.92195,-2.51109,66.17
36.92195,-2.51109,63.11
46.97,-118.62,76.88
22.48,113.57,79.95
35.38,100.38,89.54
39.7393,-123.6309,76.64
22.48,113.57,80.78
43.577,4.368,73.77
29.79,-94.03,72.48
46.42,-83.37,62.42
38.88,-120.64,72.0
-9.44475,147.34958,41.15
38.535556,-121.772778,57.66
1.42,103.7,70.53
9.09,-79.61,25.82
34.1843333333333,118.191166666667,81.36
28.043948,-81.393638,73.66
51.82,11.7,67.44
52.32,-121.92,63.34
35.9076,-79.0506,71.43
18.0,-65.0,62.56
18.0,-65.0,64.94
44.23,-122.22,63.37
37.496,-122.1329,74.13
37.4971,-122.129,56.48
59.997,10.7902,63.53
45.54,-73.72,73.01
38.083,-81.98,68.53
39.6475,-79.9369,77.27
38.883,-106.9108,48.71
38.7856,-120.428,80.04
40.4449,-87.0297,63.99
40.4449,-87.0297,68.82
49.08,-89.38,64.9
42.5315,-72.1899,72.52
31.33,120.42,11.91
37.816,119.111,72.92
37.3,118.62,70.69
26.91,98.88,67.94
23.14,113.34,76.21
26.51,99.44,74.13
21.49052777,109.76373055,69.37
39.74,-123.63,84.48
-38.56394316,176.31662405,86.39
24.026494,121.136434,71.25
43.7,-79.4,71.57
67.05692296,-50.45960804,78.8
67.904687,18.610965,78.09
44.677,-90.177,30.5
59.41076,27.97139,63.7
57.90369,26.2774,60.96
58.346055,26.66094,66.18
-1.87902781,103.2745556,55.91
22.48,113.57,80.02
28.68,121.43,72.1
29.79,-94.03,79.8
50.88,-120.35,64.66
49.08,-89.38,62.88
38.88,-120.64,66.08
38.88,-120.64,73.5
8.4868,-82.4336,65.29
-22.56647,45.36419,67.45
9.16,-79.74,17.61
9.15,-79.71,24.22
9.15,-79.85,20.29
9.09,-79.61,24.7
42.42415,-72.25817,68.99
51.82,11.7,70.37
52.32,-121.92,66.37
52.32,-121.92,64.24
38.8692,-122.4283,72.66
38.9355,-106.9424,59.9
42.481016,-72.178343,69.91
33.8834,-83.4195,71.2
38.9205,-106.9513,60.61
38.8924,-106.9111,54.12
57.1863,-2.2145,66.14
42.5315,-72.1899,70.78
39.0042816,-77.1012173,67.24
38.88,-120.64,67.42
38.9138,-106.8952,54.68
42.532967,-72.209488,55.76
38.88,-120.64,72.49
44.23,-122.22,63.01
45.0822,-123.061,79.59
38.9206,-106.9489,79.04
40.7999,-76.3402,73.9
46.73,-117.18,100.0
31.33,120.42,40.62
41.84071908,-88.229807,66.76
30.58,90.87,84.46
27.78,98.65,74.16
45.683333,126.633333,73.97
40.02,116.52,76.72
23.14,113.34,75.72
70.998542,-156.521316,78.17
38.544363,-121.876379,76.15
19.9767,76.5083,85.78
34.98167,-97.52056,65.54
-35.105875,139.274772,68.4
38.886306,-120.647694,80.63
44.677,-90.177,36.31
58.17839,26.86382,63.91
58.32802,26.81878,63.01
57.2431,22.6416,60.87
58.144418,25.26283,63.47
-33.840172,151.058803,44.03
39.7393,-123.6309,73.37
34.09,-118.43,76.91
31.29,121.5,87.63
30.70694,121.24667,77.0
49.157543,5.39024799,77.66
47.5079,-93.4529,52.25
44.370933,-85.7071,21.85
50.88,-120.35,68.6
-9.4448,147.34867,45.56
-35.11641,141.97633,78.3
-35.12282,141.99678,79.12
8.99,-79.57,18.38
9.16,-79.74,17.97
39.09,-96.57,61.41
34.1843333333333,118.191166666667,71.49
47.128258,-99.257768,67.98
39.05,-99.1,63.53
39.7181,-123.6527,77.39
38.99297339,-123.0674491,78.25
38.88,-120.64,68.31
43.312222,-89.370833,59.62
26.6541,-80.6298,78.53
38.9206,-106.9489,82.14
38.083,-81.98,70.91
46.42,-83.37,64.83
33.5944,-109.1397,78.71
41.9002,-89.352,75.75
46.73,-117.18,96.04
41.84071917,-88.22980687,66.69
42.3261,-71.1493,75.75
23.14,113.34,74.81
21.50381666,109.76373055,67.95
46.70875,10.38846,76.41
-23.977765,133.712524,67.05
39.96,116.36,76.39
38.541886,-121.871718,76.87
44.677,-90.177,33.31
58.346055,26.66094,68.19
58.61721,24.03508,64.44
58.46564,26.71925,68.31
58.787946,23.532754,66.03
5.162,52.652,73.21
51.5,6.28,48.25
39.7279,-123.6444,66.84
21.5416,-158.0875,85.04
34.49,75.49,74.02
43.0,-92.5,71.38
44.370933,-85.7071,26.94
49.08,-89.38,63.64
-41.260033,-71.286967,64.8
45.41,-73.25,61.59
34.1843333333333,118.191166666667,75.35
39.53,-107.78,71.69
39.53,-107.78,79.56
31.11,-95.15,70.8
49.0427,13.6161,63.77
42.481016,-72.178343,75.31
37.4962,-122.1329,74.66
38.7825,-120.2792,84.48
42.5315,-72.1899,70.34
40.2523,-123.026,73.25
40.4449,-87.0297,68.36
38.8707,-122.4274,78.72
44.23,-122.22,63.76
18.0,-65.0,64.04
37.83,-122.29,98.94
38.083,-81.98,72.13
57.1863,-2.2145,74.38
31.41,121.67,76.08
43.37,116.4,78.31
23.14,113.34,81.02
45.683333,126.633333,77.19
29.58,111.62,87.93
39.74,-123.63,81.42
69.27,-53.45,78.37
31.34916667,34.91305556,73.06
1.42,103.7,69.85
-38.47355157,175.60782681,68.71
39.96,116.4,76.86
71.251768,-156.542005,81.73
-35.105875,139.274772,72.99
38.886306,-120.647694,76.52
78.89942234,12.06222184,84.55
78.89677601,12.05679498,80.86
44.677,-90.177,37.59
58.0374,26.5666,62.6
58.79553,23.00588,63.65
58.35759,26.63616,64.04
-37.8136,144.9631,72.43
5.162,52.652,74.34
39.7292,-123.6419,70.9
43.577,4.368,73.2
43.577,4.368,76.14
31.9375,120.05583,77.02
39.06,-96.36,28.82
22.48,113.57,79.35
43.0,-92.5,67.13
44.2642,-86.1779,30.31
44.370933,-85.7071,33.3
46.42,-83.37,66.65
46.42,-83.37,66.14
58.08112,26.34164,60.5
-3.9997,-69.8947,43.0
57.09869,53.15841,58.39
-5.82124,145.14143,29.32
1.42,103.7,71.65
1.42,103.7,76.57
9.08,-79.66,27.03
34.1843333333333,118.191166666667,67.1
34.1843333333333,118.191166666667,78.64
29.67753,-82.02404,72.78
39.0,116.0,80.25
49.08,-89.38,64.49
38.88,-120.64,68.32
31.11,-95.15,67.24
39.05,-99.1,66.92
39.55,-107.97,69.43
42.550409,-72.180244,62.08
37.83,-122.29,98.8
18.0,-65.0,70.19
40.0633,-88.2058,74.85
38.9206,-106.9489,81.96
38.88,-120.64,68.35
44.23,-122.22,58.8
39.7291,-123.6419,70.32
39.7181,-123.6527,75.82
52.6322959,1.1841943,85.55
23.14,113.34,76.77
51.55,14.22,6.96
26.4984,107.425,76.82
38.249,140.244,75.05
32.479787,119.136439,69.94
-38.82,-71.68,82.85
37.3,116.65,76.72
68.623527,-149.584645,78.0
71.251768,-156.542005,83.26
38.545011,-121.876575,75.73
67.15208103,-50.04859303,97.56
44.677,-90.177,33.04
58.056276,26.335483,65.69
59.5836,25.6283,64.93
22.48,113.57,79.63
39.7292,-123.6419,73.17
28.68,121.43,79.78
44.370933,-85.7071,41.66
44.346883,-85.484083,31.7
68.38,-149.43,69.2
31.11,-95.15,71.1
46.42,-83.37,67.8
38.88,-120.64,76.61
-5.79035,145.05771,46.4
-4.0086,-69.8984,57.35
-35.11641,141.97633,83.12
38.535556,-121.772778,27.75
8.98,-79.56,22.84
9.16,-79.75,24.64
40.4608,-103.0335,70.72
52.32,-121.92,65.07
35.38,100.38,85.55
-37.926514,145.313136,68.49
-23.3107,15.5346,79.46
67.90327,18.606104,86.41
44.677,-90.177,37.44
21.5416,-158.0875,83.6
9.19,-79.76,14.47
40.463088,-103.032899,79.17
28.043948,-81.393638,73.47
-38.57,-71.78,68.52
78.902972,12.07107699,79.15
31.99,34.82,86.75
31.11,-95.15,63.54
18.0,-65.0,65.79
39.55,-107.97,70.53
49.08,-89.38,65.21
39.05,-99.1,62.28
18.0,-65.0,68.11
39.53,-107.78,69.71
38.88,-120.64,71.54
39.7181,-123.6527,74.21
45.54,-73.72,69.67
9.1086,-79.8436,59.31
38.9827,-107.0102,60.32
39.7291,-123.6419,66.43
37.83,-122.29,86.4
45.54,-73.72,74.53
38.9827,-107.0102,55.65
39.74,-123.63,83.33
-33.840172,151.058803,45.94
-33.840172,151.058803,40.52
23.623302,116.891809,75.01
43.577,4.368,72.38
31.11,-95.15,67.43
38.88,-120.64,71.84
38.88,-120.64,71.59
38.88,-120.64,72.33
-40.13,-71.6608,52.55
5.435667,-60.08825,47.61
-6.01732,145.41601,57.59
28.15,116.55,49.44
29.58,111.63,70.45
58.89269,23.68405,59.45
59.41076,27.97139,62.66
-1.80505558,103.2644444,55.27
38.535556,-121.772778,75.31
41.9035,-89.3341,72.94
39.6475,-79.9369,78.15
24.026494,121.136434,80.51
24.173609,121.299528,79.63
33.62,102.87,66.6
44.219467,-85.668583,19.02
38.98,121.53,93.38
51.82,11.7,66.64
52.32,-121.92,68.23
39.23550963,-121.2836963,70.26
35.913,-79.056,62.03
31.11,-95.15,72.29
39.7291,-123.6419,69.19
39.7181,-123.6527,75.19
45.54,-73.72,71.19
49.043,13.6183,53.69
38.9767,-107.0044,58.76
41.7655,-111.8143,86.58
39.6475,-79.9369,77.72
37.83,-122.29,93.72
42.5315,-72.1899,72.72
26.6591,-80.6279,79.95
57.1863,-2.2145,76.41
63.0472,21.7116,38.41
38.9765,-107.0043,53.89
9.1086,-79.8436,57.53
31.11,-95.15,65.52
39.7291,-123.6419,68.89
31.41,121.67,81.56
23.14,113.34,81.51
23.14,113.34,75.97
37.3,118.62,57.83
43.34,116.4,77.6
40.01,116.32,77.41
29.87,121.65,65.32
26.4984,107.417,80.67
70.469872,-157.408042,80.35
70.998417,-156.521474,84.08
24.18566,121.341514,69.47
44.677,-90.177,37.72
58.47737,25.4637,62.93
58.329722,26.932778,73.21
5.162,52.652,75.2
-37.8136,144.9631,76.68
-37.8136,144.9631,70.13
21.5416,-158.0875,82.84
31.96,-85.1,69.99
43.0,-92.5,71.04
-12.37,130.867,62.91
46.03,15.04,65.48
38.88,-120.64,68.41
-5.79035,145.05771,46.06
-7.30579,147.1175,44.07
-5.82124,145.14143,30.42
39.95724,115.42452,64.95
-42.7641762,171.6870428,55.57
45.41,-73.25,72.28
8.98,-79.56,14.28
42.392303,-72.25458,74.67
51.82,11.7,69.25
38.88,-120.64,70.37
39.55,-107.97,71.53
42.550409,-72.180244,60.43
39.55,-107.97,68.43
42.532967,-72.17263,69.55
45.54,-73.72,67.43
39.7291,-123.6419,70.09
44.20517707,-122.1284473,63.45
40.4449,-87.0297,69.13
38.9763,-107.0041,57.51
38.9206,-106.9489,81.84
63.0472,21.7116,50.37
43.312222,-89.370833,67.8
43.312222,-89.370833,68.28
38.99297339,-123.0674491,67.01
39.53,-107.78,74.1
31.11,-95.15,71.38
57.1863,-2.2145,74.07
42.0127,-93.7445,76.93
38.8722,-122.4269,72.76
44.15,116.31,78.05
23.14,113.34,77.78
21.49027777,109.76373055,71.83
46.06,14.28,80.97
32.479787,119.136439,69.32
39.74,-123.63,78.09
-38.26672886,175.97612373,71.39
37.3,116.65,76.8
71.251669,-156.542107,81.56
34.98167,-97.52056,66.27
38.886306,-120.647694,77.93
44.677,-90.177,40.1
59.00725,24.570198,57.47
59.324486,26.584811,65.97
58.3245,26.5465,62.08
5.162,52.652,72.09
5.162,52.652,75.4
21.5416,-158.0875,77.23
51.5,6.28,45.91
-24.0883,-69.9946,45.06
39.7393,-123.6309,78.07
39.5673,-123.4758,75.66
35.38,100.38,94.56
-1.78686107,103.2705556,56.98
44.2566,-86.083683,29.52
50.88,-120.35,68.28
45.41,-73.25,61.62
-25.3504,131.0516,75.98
9.14,-79.69,24.04
44.21,-122.26,64.9
-77.0148,161.456,80.21
40.4449,-87.0297,65.06
18.0,-65.0,64.09
39.05,-99.1,65.51
39.7181,-123.6527,74.15
38.9136,-106.8951,48.24
38.9206,-106.9489,82.31
38.9206,-106.9489,78.26
42.0127,-93.7445,75.08
33.5944,-109.1397,77.32
18.0,-65.0,61.52
39.7181,-123.6527,76.59
41.7655,-111.8143,81.24
36.36,-97.29,87.72
26.6541,-80.6298,74.84
18.0,-65.0,66.32
41.840725,-88.23026312,66.68
24.0062,-104.3847,77.67
45.683333,126.633333,80.45
46.06,14.28,81.11
35.735,139.539,77.81
-38.83,-71.65,69.41
39.96,116.41,77.33
70.068476,-156.105802,79.92
38.541811,-121.874985,78.03
24.173609,121.299528,76.61
-35.10536135,139.27284065,68.32
78.90966796,12.07971102,74.29
44.677,-90.177,35.9
44.677,-90.177,42.99
44.677,-90.177,39.28
57.43844,27.30075,70.07
59.324486,26.584811,65.41
59.307023,26.45794,62.98
59.067551,24.478428,63.9
59.29395,24.90647,66.24
58.37235,26.80854,69.5
58.490829,26.780575,65.94
58.4625,26.72,69.55
58.71806,22.51694,59.45
57.694204,27.377655,75.15
-24.08663,-69.99927,33.77
21.5416,-158.0875,80.37
-1.84913886,103.2999722,50.27
29.85,-92.97,54.64
37.03,99.75,83.28
43.0,-92.5,69.08
44.194817,-86.091533,19.56
53.4,16.3,73.04
46.42,-83.37,69.6
-3.598,-69.53,49.72
-7.30364,147.13239,52.39
-25.351,131.041,74.14
1.42,103.7,78.29
8.94,-79.6,19.76
9.17,-79.75,25.18
51.82,11.7,68.45
45.68,-72.0,74.53
39.7291,-123.6419,66.15
51.62,-128.09,69.67
42.0,-93.0,92.17
38.9821,-107.0102,43.25
37.4972,-122.1293,38.04
37.83,-122.29,97.79
38.7833,-120.2991,83.89
38.9206,-106.9489,77.92
39.5673,-123.4758,63.49
38.8724,-122.4268,67.06
39.534762,-107.782602,61.14
40.4449,-87.0297,68.45
38.9223,-106.954,55.95
26.6541,-80.6298,78.02
31.33,120.42,63.3
44.16,116.31,76.48
45.683333,126.633333,82.9
45.683333,126.633333,75.14
43.32,116.4,77.74
39.74,-123.63,80.77
-37.446379,144.470078,59.18
1.42,103.7,68.57
-38.26228254,175.96990866,58.54
38.545045,-121.875957,77.13
43.93333,-71.75,66.11
42.67255,-77.040283,44.85
38.886306,-120.647694,81.98
78.90966796,12.07971102,74.63
65.225,-19.71194444,40.69
58.142989,25.930826,65.19
57.7368,27.0622,71.22
59.17969,25.23308,60.94
58.378889,26.643056,70.26
4.991,52.454,71.01
4.991,52.454,68.5
39.7292,-123.6419,74.94
45.41,126.45,73.24
34.09,-118.43,78.3
38.42,108.96,81.07
28.68,121.43,83.65
28.68,121.43,82.94
53.93,-116.58,85.96
38.96,115.95,75.73
47.5078,-93.4526,51.94
44.219467,-85.668583,33.75
44.192783,-85.677217,35.82
31.11,-95.15,71.89
-12.76216667,132.7516667,63.46
-6.01602,145.40921,43.38
1.42,103.7,67.8
9.08,-79.8,23.08
39.53,-107.78,77.71
42.471116,-72.17263,68.06
46.42,-83.37,67.39
38.987,-107.0038,62.69
38.8924,-106.9111,60.0
38.8825,-106.9105,54.86
39.7291,-123.6419,67.71
35.9076,-79.0506,70.65
46.42,-83.37,64.46
37.4958,-122.1331,70.95
39.5673,-123.4758,63.52
39.458,-79.073,69.69
38.783,-120.2781,83.65
42.550409,-72.180244,58.87
38.9354,-106.9424,63.04
38.9228,-106.9541,57.04
63.0472,21.7116,92.32
42.550409,-72.180244,65.3
23.14,113.34,76.31
46.49,9.93,80.69
48.577889,9.064194,75.7
46.70875,10.38854,76.42
35.735,139.539,78.72
39.74,-123.63,80.79
39.74,-123.63,84.01
39.74,-123.63,80.99
70.998417,-156.521474,84.68
37.3,116.65,77.73
38.544363,-121.876379,77.62
24.173609,121.299528,74.16
-34.233,138.309,64.81
48.615,6.104,52.65
38.973,-123.1164,74.88
42.67255,-77.040283,46.56
67.15210701,-50.04851701,92.84
44.677,-90.177,28.76
36.92195,-2.51109,66.95
58.74809,26.49781,59.62
58.76182,22.80332,68.38
57.68283,26.20146,60.45
59.61505,24.98713,67.2
36.92195,-2.51109,65.22
58.11438,26.176913,66.0
58.2617,21.9127,61.93
59.30541,26.137067,62.42
-37.8136,144.9631,63.1
-1.78536113,103.2769167,52.68
39.7393,-123.6309,78.45
29.84,-94.04,74.48
45.19,8.25,68.19
44.2225,-85.753483,39.83
44.346733,-85.481817,8.28
68.38,-149.43,67.52
-7.30579,147.1175,41.44
-44.07439,-73.096796,25.57
-5.9305,145.0335833,52.97
-9.4448,147.34867,44.2
-35.11641,141.97633,78.03
-25.3504,131.0516,79.9
-35.12282,141.99678,81.29
38.535556,-121.772778,56.31
9.15,-79.69,24.0
34.1843333333333,118.191166666667,61.65
47.136134,-99.232896,68.64
46.42,-83.37,65.62
39.7181,-123.6527,76.43
9.1086,-79.8436,63.4
44.23,-122.22,60.99
40.4449,-87.0297,67.93
57.1863,-2.2145,79.38
41.893,-89.305,70.87
39.534762,-107.782602,72.81
9.1086,-79.8436,59.89
38.987,-107.0038,59.55
-2.4196,-55.8163,6.76
41.8784,-89.3541,71.11
42.471116,-72.17263,65.86
44.23,-122.22,63.89
39.7291,-123.6419,64.67
18.0,-65.0,64.67
37.83,-122.29,83.42
40.7999,-76.3402,70.95
52.6322959,1.1841943,83.36
26.4984,107.429,79.25
83.66,-33.37,81.05
-38.1869189,175.98224261,75.86
39.96,116.47,77.6
37.3,116.65,77.77
70.469927,-157.407467,82.39
-34.255,138.318,66.93
78.89948999,12.05993903,84.56
78.89715596,12.05875198,82.85
44.677,-90.177,31.59
44.677,-90.177,30.39
44.677,-90.177,31.65
58.30223,22.0958,61.48
57.6288,22.2878,63.06
5.162,52.652,73.53
-24.08663,-69.99927,42.23
-23.3933,-69.6039,36.34
39.7292,-123.6419,71.33
34.09,-118.43,70.72
45.41,126.45,74.11
29.79,-94.03,65.23
33.62,102.87,69.08
26.86,104.25,66.91
43.0,-92.5,77.51
34.44,113.42,97.63
44.219467,-85.668583,45.54
58.01829,22.17463,66.04
29.73517,-82.44186,63.78
29.49347,79.13757,71.58
44.21,-122.26,62.15
45.4,-93.2,61.26
51.82,11.7,66.99
52.32,-121.92,66.14
52.32,-121.92,68.38
35.913,-79.056,62.97
38.88,-120.64,72.08
39.53,-107.78,61.61
38.88,-120.64,67.2
46.42,-83.37,65.89
39.5673,-123.4758,65.27
37.4965,-122.133,66.66
39.0042816,-77.1012173,65.98
39.0042816,-77.1012173,66.23
43.073,-89.4011,92.75
39.5673,-123.4758,62.47
18.0,-65.0,64.17
43.303333,-89.3325,61.29
23.619323,116.87216,93.57
46.70875,10.38857,80.05
39.74,-123.63,79.16
1.42,103.7,69.43
39.96,116.32,77.06
71.251768,-156.542005,75.14
71.189196,-156.572292,83.53
70.998417,-156.521474,80.0
63.88306,-149.22556,59.75
42.67255,-77.040283,61.17
38.886306,-120.647694,78.51
38.886306,-120.647694,71.95
59.4268,27.519,62.64
59.49325,25.36253,72.15
58.353845,22.248666,69.73
36.92195,-2.51109,71.95
58.28253,22.46296,65.23
59.51083,24.81622,67.27
-33.840172,151.058803,47.53
21.5416,-158.0875,85.13
28.68,121.43,81.61
28.68,121.43,72.5
29.85,-92.98,82.44
29.44,116.02,77.12
44.346883,-85.484083,36.4
68.38,-149.43,74.52
22.32166,103.78688,58.95
1.42,103.7,75.82
34.1843333333333,118.191166666667,68.64
39.0,116.0,81.34
-77.011,161.426,75.49
52.32,-121.92,63.86
39.23550963,-121.2836963,67.39
18.0,-65.0,64.82
35.913,-79.056,66.02
39.05,-99.1,62.93
40.81667,-104.76667,67.85
40.81667,-104.76667,70.39
39.534762,-107.782602,72.03
41.7655,-111.8143,67.31
40.4449,-87.0297,68.89
39.7181,-123.6527,74.96
39.0844,-86.4705,77.56
41.8854,-89.3208,72.87
26.6539,-80.6288,78.18
44.20517707,-122.1284473,62.11
39.7291,-123.6419,65.11
49.08,-89.38,58.1
39.7181,-123.6527,78.38
42.0127,-93.7445,75.58
43.312222,-89.370833,67.86
49.044,13.617,63.14
38.987,-107.0038,54.91
38.9205,-106.9513,51.33
45.54,-73.72,72.6
37.45,104.95,87.33
42.3261,-71.1493,59.08
27.4448,111.351,76.98
39.74,-123.63,80.5
64.54,-51.12,75.17
37.3,116.65,78.07
71.297883,-156.540983,79.88
43.93333,-71.75,63.16
-25.025508,152.379908,69.69
44.677,-90.177,32.94
59.615525,24.99532,66.63
58.58002,22.84337,58.41
21.5416,-158.0875,78.03
-4.26297,-73.63852,60.67
43.577,4.368,75.93
29.95,113.8225,76.3
36.43,94.86,82.84
35.897,-98.275,52.41
44.271933,-85.992533,30.68
38.88,-120.64,67.5
-41.1976,-71.8228,68.62
39.95546,115.42577,65.21
38.535556,-121.772778,75.45
28.073118,-81.428559,76.48
40.85117,-104.70124,79.06
40.46533,-103.0319,81.65
-77.0038,162.238,71.03
45.68,-72.0,71.19
46.42,-83.37,67.6
18.0,-65.0,63.02
35.913,-79.056,59.33
38.9763,-107.0041,59.39
40.4449,-87.0297,66.49
38.8925,-106.9111,53.8
38.9206,-106.9514,83.36
42.481016,-72.178343,69.63
38.9827,-107.0102,64.34
41.7655,-111.8143,66.28
9.1086,-79.8436,63.82
49.08,-89.38,64.77
37.4965,-122.1329,76.26
45.54,-73.72,68.41
39.6475,-79.9369,78.87
39.55,-107.97,69.51
18.0,-65.0,65.14
46.73,-117.18,93.06
23.14,113.34,77.77
53.71653765,9.76824442,66.18
46.49,9.93,74.0
35.812,-98.262,68.95
26.4984,107.427,85.72
-25.56,29.56,78.13
39.74,-123.63,80.32
39.74,-123.63,82.36
68.479911,-155.758,74.64
42.67255,-77.040283,55.72
72.369,126.475,83.43
44.677,-90.177,36.16
44.677,-90.177,42.08
44.677,-90.177,38.45
58.056276,26.335483,64.86
58.58463,23.57021,59.3
57.58569,26.64614,63.28
58.460278,26.726389,65.47
57.594205,26.3241,60.13
58.30122,21.936,68.83
36.92195,-2.51109,54.94
57.7368,27.0622,71.72
21.5416,-158.0875,79.27
51.5,6.28,49.0
-23.39321,-69.60378,46.97
45.28139,131.16583,79.07
47.19,124.22,78.77
38.88,-120.64,71.21
45.41,-73.25,74.88
-25.351,131.041,75.53
42.4,-85.4,65.26
29.686609,-81.983,75.57
28.043948,-81.393638,72.06
52.32,-121.92,63.2
38.99297339,-123.0674491,75.65
46.42,-83.37,60.05
39.53,-107.78,69.94
35.913,-79.056,64.16
18.0,-65.0,67.15
31.11,-95.15,67.69
42.550409,-72.180244,71.74
37.4973,-122.1295,52.85
42.0,-93.0,92.03
26.6539,-80.6288,76.13
39.7291,-123.6419,67.38
57.1863,-2.2145,70.37
43.312222,-89.370833,48.92
39.458,-79.073,71.96
40.4449,-87.0297,68.55
38.9763,-107.0041,59.1
38.083,-81.98,69.0
38.9206,-106.9489,83.27
39.0042816,-77.1012173,59.12
38.883,-106.9108,46.47
38.88,-120.64,70.54
28.15,116.55,58.29
23.624572,116.811869,98.87
23.14,113.34,80.51
23.14,113.34,79.33
45.683333,126.633333,76.56
45.683333,126.633333,77.86
53.71653765,9.76824442,71.03
48.577889,9.064194,78.32
48.579083,9.063333,78.28
39.74,-123.63,84.06
-38.2609532,175.96048444,70.7
39.96,116.34,77.6
71.251669,-156.542107,83.73
24.026494,121.136434,77.61
24.094878,121.034072,73.31
-30.4704,137.1363,71.49
-30.4704,137.1363,68.92
67.15642001,-50.08365101,76.28
67.15558601,-50.08499002,79.57
58.72258,25.06363,60.92
59.10435,24.34035,54.27
57.68283,26.20146,58.78
58.71484,26.43655,64.2
58.11438,26.176913,65.38
59.4268,27.519,62.27
59.47063,25.298297,60.22
58.156944,26.281944,70.15
35.38,100.38,92.3
39.7292,-123.6419,71.37
43.577,4.368,77.06
47.5079,-93.453,65.46
44.271933,-85.992533,24.67
31.11,-95.15,72.28
46.42,-83.37,66.04
8.7574,-82.26828,45.38
57.87791,27.68945,64.22
38.535556,-121.772778,15.75
1.42,103.7,74.68
8.53,-79.9,29.62
34.1843333333333,118.191166666667,69.29
40.465261,-103.0346,75.36
45.68,-72.0,69.67
38.9365,-106.9428,63.7
9.1086,-79.8436,66.21
38.9206,-106.9489,79.85
38.9223,-106.954,57.84
38.9206,-106.9489,81.26
39.53,-107.78,80.11
42.481016,-72.178343,68.38
39.23550963,-121.2836963,67.01
38.88,-120.64,76.35
38.8825,-106.9105,54.75
42.481016,-72.178343,72.62
41.9002,-89.3556,80.23
40.7999,-76.3402,68.55
28.15,116.55,27.84
23.14,113.34,79.62
46.70875,10.38849,79.08
35.735,139.539,77.45
38.249,140.244,76.18
39.74,-123.63,83.83
-37.908647,145.139591,64.3
70.068559,-156.105719,80.43
71.296,-156.554483,82.76
24.087978,121.028934,72.68
44.677,-90.177,33.29
44.677,-90.177,40.79
44.677,-90.177,32.73
36.92195,-2.51109,75.19
58.27961,26.3716,56.38
58.415932,25.232692,61.47
58.71484,26.43655,63.9
58.30122,21.936,67.6
-37.8136,144.9631,63.8
46.97,-118.62,75.24
35.38,100.38,80.43
35.38,100.38,76.39
-1.8835278,103.2676667,57.27
-2.15275,103.3504167,61.63
21.618669,69.865737,40.39
28.68,121.43,81.44
43.0,-92.5,68.88
50.88,-120.35,64.49
29.73517,-82.44186,27.34
50.1413,8.2677,61.46
45.41,-73.25,71.42
38.535556,-121.772778,25.38
28.073118,-81.428559,72.2
39.7291,-123.6419,65.48
39.0844,-86.4705,76.0
38.88,-120.64,68.86
38.8693,-122.4282,66.04
44.23,-122.22,62.08
37.4971,-122.133,77.81
41.896,-89.3636,75.26
38.7833,-120.2976,85.44
57.1866,-2.2146,85.85
43.303333,-89.3325,17.16
39.7181,-123.6527,74.3
37.83,-122.29,100.0
37.83,-122.29,100.0
39.0844,-86.4705,77.04
38.9137,-106.8949,47.95
42.481016,-72.178343,72.44
38.9223,-106.954,59.39
18.0,-65.0,62.84
39.7181,-123.6527,73.5
38.9206,-106.9489,81.87
31.41,121.67,77.36
37.3,118.62,69.23
37.3,118.62,60.55
23.14,113.34,74.19
25.87,98.85,66.42
23.14,113.34,76.47
48.578833,9.063472,79.18
29.87,121.65,63.9
29.385248,111.02402,79.03
26.4984,107.415,72.71
27.4448,111.347,75.54
8.5,76.7,29.5
35.735,139.539,78.57
39.96,116.48,77.22
37.3,116.65,77.48
-74.3555,164.6955,91.12
78.89744002,12.05262297,84.69
44.677,-90.177,37.07
44.677,-90.177,36.76
44.677,-90.177,40.64
44.677,-90.177,33.81
59.229154,24.011939,63.59
58.23408,22.44107,59.9
21.5416,-158.0875,76.86
22.48,113.57,76.86
23.648674,116.871558,77.59
33.62,102.87,70.35
38.98,121.53,93.62
46.03,15.04,64.27
-22.56647,45.36419,68.78
-0.3806,-72.236,63.4
-5.82124,145.14143,29.52
-18.9162,47.917,54.65
-11.48405,27.65878,65.67
-33.18,117.0478,74.99
38.535556,-121.772778,74.1
9.2,-79.36,24.01
9.19,-79.82,27.79
9.16,-79.75,23.93
9.14,-79.86,25.84
34.1843333333333,118.191166666667,67.68
40.463088,-103.032899,74.65
45.68,-72.0,68.05
52.32,-121.92,76.25
39.070856,-96.582821,62.84
44.20517707,-122.1284473,66.65
38.9225,-106.9538,56.9
45.54,-73.72,73.91
37.4971,-122.129,67.11
38.9206,-106.9489,84.03
38.88,-120.64,72.12
49.08,-89.38,64.5
42.5315,-72.1899,71.53
39.7291,-123.6419,69.35
37.83,-122.29,89.96
31.41,121.67,77.9
44.18,86.02,75.36
45.683333,126.633333,81.77
27.4448,111.343,72.18
-38.26672886,175.97612373,74.54
-36.3486964,174.63697015,70.75
-37.53334836,175.60004008,67.35
70.469872,-157.408042,68.66
24.18566,121.341514,70.39
51.6,9.9,58.45
34.98167,-97.52056,64.27
63.88306,-149.22556,43.69
38.886306,-120.647694,78.08
67.90334,18.606574,81.43
65.8738889,-17.04777778,53.23
58.58002,22.84337,61.14
58.46564,26.71925,67.46
58.79553,23.00588,64.71
5.162,52.652,71.87
51.5,6.28,56.56
51.5,6.28,54.12
-1.8596667,103.3005833,58.35
37.3,118.62,79.25
28.68,121.43,81.08
35.06,-93.56,60.74
44.2225,-85.753483,28.49
44.192783,-85.677217,23.74
38.88,-120.64,73.42
38.535556,-121.772778,53.76
9.03,-79.62,18.05
9.15,-79.71,26.19
42.481016,-72.178343,63.81
39.7181,-123.6527,77.42
18.0,-65.0,67.08
18.0,-65.0,61.93
38.99297339,-123.0674491,79.16
39.53,-107.78,71.51
38.9206,-106.9489,87.46
38.8925,-106.9111,64.33
38.99297339,-123.0674491,72.53
39.534762,-107.782602,70.65
39.5673,-123.4758,73.56
39.0042816,-77.1012173,65.62
37.4958,-122.1331,73.33
40.7999,-76.3402,73.46
40.7999,-76.3402,90.73
23.14,113.34,75.66
21.46,85.47,19.06
46.70875,10.38848,91.51
26.4984,107.423,88.92
39.74,-123.63,78.82
38.973,-123.1164,61.31
67.903826,18.609718,82.12
78.90532002,12.07600504,80.71
44.677,-90.177,36.53
44.677,-90.177,30.27
58.756195,26.510963,62.56
57.87791,27.68945,66.34
58.142989,25.930826,65.96
-37.8136,144.9631,72.83
39.5673,-123.4758,63.42
-2.01578878,102.7532639,52.49
46.42,-83.37,61.26
38.88,-120.64,72.56
38.88,-120.64,71.01
4.867,-75.167,54.49
38.535556,-121.772778,56.38
38.535556,-121.772778,73.72
1.42,103.7,70.9
29.677642,-82.024148,66.15
29.68406,-81.95923,73.52
32.922158,-87.428893,66.67
51.82,11.7,67.73
51.82,11.7,66.61
38.9225,-106.9538,59.8
37.83,-122.29,90.14
45.54,-73.72,66.76
38.9825,-107.0101,63.39
42.532967,-72.209488,68.09
37.83,-122.29,79.27
38.9871,-107.0011,63.25
63.0472,21.7116,52.73
39.0042816,-77.1012173,66.19
39.23550963,-121.2836963,68.7
40.81667,-104.76667,64.13
42.532967,-72.209488,71.29
39.23550963,-121.2836963,67.22
44.20517707,-122.1284473,64.05
38.8927,-106.9112,54.97
43.303333,-89.3325,64.48
39.23550963,-121.2836963,74.04
38.9136,-106.8951,50.29
46.70875,10.38855,82.89
46.70875,10.38852,91.38
-37.926514,145.313136,73.19
-38.83,-71.65,67.32
37.3,116.65,78.86
68.479911,-155.758,78.33
52.621337,1.22946,75.88
24.173609,121.299528,73.23
42.67255,-77.040283,38.48
42.67255,-77.040283,62.18
38.886306,-120.647694,73.91
78.90966796,12.07971102,71.53
44.677,-90.177,41.29
58.28253,22.46296,63.4
59.615525,24.99532,67.67
-37.8136,144.9631,65.01
51.5,6.28,57.58
21.5416,-158.0875,78.06
39.7292,-123.6419,70.9
39.5673,-123.4758,72.8
28.68,121.43,80.65
28.68,121.43,80.48
29.85,-92.98,53.07
45.19,8.25,67.58
44.320483,-85.977083,35.79
44.3101,-85.896583,31.42
47.3,8.01,64.29
31.11,-95.15,64.43
-42.30237935,172.1041386,35.82
58.01829,22.17463,62.76
45.41,-73.25,79.09
1.42,103.7,70.82
34.1843333333333,118.191166666667,69.49
40.474713,-103.0243,78.41
28.07308,-81.42839,76.75
31.99,34.82,49.2
39.7291,-123.6419,69.52
40.2197,-122.985,71.25
44.23,-122.22,62.79
42.471116,-72.17263,61.06
43.073,-89.4011,95.32
39.5673,-123.4758,67.06
39.0844,-86.4705,73.82
44.20517707,-122.1284473,66.89
41.1613,-96.6752,78.83
46.70875,10.38851,79.03
32.889,130.766,80.85
32.479787,119.136439,63.75
31.34583333,34.91333333,64.96
-38.57,-71.78,68.92
38.973,-123.1164,62.78
38.886306,-120.647694,73.63
78.902972,12.07107699,77.37
58.415932,25.232692,64.92
59.434956,24.549185,66.44
58.76182,22.80332,68.97
-1.981972,102.75075,61.95
39.5673,-123.4758,69.17
39.5673,-123.4758,69.27
39.5673,-123.4758,67.46
28.68,121.43,82.92
31.28,92.1,82.84
37.81383896,-119.8925781,69.77
-44.07439,-73.096796,56.71
-35.11641,141.97633,85.3
1.42,103.7,82.01
9.33,-79.95,19.87
-21.708519,-47.582469,62.53
42.532967,-72.209488,63.68
18.0,-65.0,61.27
18.0,-65.0,63.26
18.0,-65.0,64.46
37.83,-122.29,98.13
38.9136,-106.8951,50.23
39.5673,-123.4758,58.28
43.073,-89.4011,100.0
42.471116,-72.17263,57.24
41.8784,-89.3541,61.5
38.9206,-106.9489,81.5
57.1863,-2.2145,78.69
44.37,83.33,77.96
37.45,104.96,85.16
42.3261,-71.1493,60.02
45.683333,126.633333,81.97
23.14,113.34,78.88
46.49,9.93,78.45
-12.37,130.867,52.76
35.473,-98.955,57.0
46.06,14.28,82.33
38.249,140.244,75.7
39.74,-123.63,83.16
39.74,-123.63,78.97
71.26,-52.6,63.57
1.42,103.7,68.74
70.068389,-156.105889,80.03
24.094878,121.034072,74.41
24.087978,121.028934,72.0
24.173609,121.299528,80.53
67.08218602,-50.32229704,77.15
44.677,-90.177,37.94
58.04579,24.71194,55.6
57.179,24.844,60.93
46.97,-118.62,76.17
39.7279,-123.6444,63.75
28.68,121.43,83.2
33.62,102.87,70.5
49.157543,5.39024799,76.44
28.50888889,121.36361111,65.74
49.08,-89.38,61.79
38.88,-120.64,72.95
-43.093,146.65,46.8
35.9794,-79.0928,61.87
-9.43501,147.37553,50.86
38.535556,-121.772778,21.33
1.42,103.7,70.07
9.2,-79.77,27.12
9.32,-79.73,20.03
28.07317,-81.42867,72.59
31.99,34.82,83.89
31.99,34.82,81.75
18.0,-65.0,64.77
37.4958,-122.1331,82.56
46.42,-83.37,61.69
38.88,-120.64,71.76
38.8826,-106.9101,59.19
38.9203,-106.9495,57.36
42.471116,-72.17263,66.84
43.312222,-89.370833,68.56
41.84071917,-88.229807,66.41
42.3261,-71.1493,79.16
53.71653765,9.76824442,60.92
26.4984,107.433,75.47
27.4448,111.346,79.22
39.74,-123.63,78.33
-37.63667816,175.67381242,81.72
24.094878,121.034072,74.96
-34.233,138.309,66.8
38.973,-123.1164,76.37
43.93333,-71.75,61.16
67.904687,18.610965,80.28
67.15559204,-50.08486102,78.19
67.90327,18.606104,82.41
59.17969,25.23308,64.26
58.37235,26.80854,72.17
58.142284,25.921816,61.89
58.526177,26.713798,63.83
22.48,113.57,81.09
38.42,108.96,94.49
28.68,121.43,83.79
45.19,8.25,63.84
49.08,-89.38,61.46
-7.30579,147.1175,46.51
58.38859,22.65545,67.33
39.96921,115.43165,73.98
-5.9305,145.0335833,53.06
-5.9305,145.0335833,54.24
-36.67146,142.28934,76.27
38.535556,-121.772778,75.63
42.9849,-81.2453,56.65
9.55,-79.6,23.58
9.16,-79.86,22.77
9.08,-79.8,29.54
9.06,-79.64,20.02
40.463,-103.0331,77.22
18.0,-65.0,65.28
18.0,-65.0,66.16
38.8926,-106.9111,58.12
38.9203,-106.9495,53.87
36.0,-78.0,79.3
39.6475,-79.9369,78.23
18.0,-65.0,63.66
39.7291,-123.6419,69.72
37.4958,-122.1331,78.72
39.7392,-123.6308,76.65
41.6642,-87.5375,83.28
46.70875,10.3885,76.6
27.4448,111.352,80.9
32.479787,119.136439,67.42
39.74,-123.63,78.93
39.74,-123.63,80.49
80.82,-66.39,88.25
70.469872,-157.408042,79.42
38.541894,-121.871537,29.5
38.541763,-121.875162,77.52
24.18566,121.341514,77.35
24.094878,121.034072,74.45
-35.105875,139.274772,72.91
38.886306,-120.647694,76.54
38.886306,-120.647694,83.66
44.677,-90.177,37.74
58.12324,27.03222,60.23
58.047907,25.388749,62.82
21.5416,-158.0875,77.34
51.5,6.28,53.46
21.5416,-158.0875,85.99
39.7393,-123.6309,79.52
45.19,8.25,64.8
52.96,122.56,65.78
29.91,107.24,80.76
43.0,-92.5,67.64
49.157543,5.39024799,79.06
68.38,-149.43,73.54
47.3,8.01,56.39
46.42,-83.37,66.98
43.10035,131.55774,50.98
45.41,-73.25,71.59
-36.67146,142.28934,76.71
9.15,-79.69,22.79
9.21,-79.6,27.77
39.0,116.0,83.04
40.81667,-104.76667,67.18
46.42,-83.37,67.49
38.99297339,-123.0674491,80.2
46.42,-83.37,66.0
49.08,-89.38,62.6
38.9206,-106.9514,58.99
39.7181,-123.6527,75.69
44.23,-122.22,61.0
38.8723,-122.427,68.99
37.83,-122.29,96.25
42.481016,-72.178343,75.92
26.6541,-80.6298,77.22
41.896,-89.3636,73.72
39.0844,-86.4705,70.26
57.1863,-2.2145,78.64
38.8827,-106.9107,57.53
38.9136,-106.8951,53.64
38.9206,-106.9489,82.27
31.41,121.67,78.29
21.79048333,109.76373055,65.76
22.49048333,109.76373055,69.49
39.92,116.35,77.93
27.4448,111.354,79.25
26.4984,107.416,84.86
-26.8,29.46,78.45
39.74,-123.63,82.0
1.42,103.7,69.19
-38.82,-71.68,79.63
38.540611,-121.870682,31.29
38.541811,-121.874985,72.1
24.026494,121.136434,75.74
63.88306,-149.22556,44.55
67.15684304,-50.08236104,80.26
-25.025508,152.379908,75.55
59.39017,27.87527,64.7
58.8037,23.00227,69.99
-37.8136,144.9631,74.36
-23.39321,-69.60378,46.91
39.7292,-123.6419,71.9
39.5673,-123.4758,68.02
34.09,-118.43,74.92
28.68,121.43,79.02
36.09,103.71,88.14
33.92,102.81,74.57
47.5078,-93.4526,65.49
46.42,-83.37,62.98
49.08,-89.38,68.51
-0.3806,-72.236,68.67
-18.07174,25.4991,70.31
58.35081,25.55063,61.5
36.81852,12.01496,74.76
-25.351,131.0423,77.21
-35.12282,141.99678,78.87
8.99,-79.57,19.0
40.463088,-103.032899,75.51
42.458487,-72.231987,67.71
51.82,11.7,70.66
45.68,-72.0,66.46
38.8926,-106.9111,58.45
39.53,-107.78,78.58
38.9866,-107.0007,47.41
49.08,-89.38,60.42
18.0,-65.0,65.04
51.62,-128.09,63.52
39.7181,-123.6527,76.33
38.9206,-106.9489,77.24
42.5315,-72.1899,72.04
63.0472,21.7116,38.2
43.312222,-89.370833,68.41
39.6475,-79.9369,77.31
42.5315,-72.1899,70.72
37.83,-122.29,98.58
23.14,113.34,75.99
23.14,113.34,75.55
43.35,116.4,73.42
39.77,116.58,78.65
51.55,14.22,9.9
39.74,-123.63,83.16
-23.11,15.16,51.68
83.66,-33.37,83.16
38.545045,-121.875957,16.88
35.8171,-114.9159,76.81
63.88306,-149.22556,44.12
44.677,-90.177,32.88
59.51025,26.57118,62.7
59.10435,24.34035,54.02
59.42275,24.6661,62.47
-22.26319,-69.72428,47.43
39.7292,-123.6419,72.27
-2.08533922,102.7895367,56.84
-66.369451,110.585574,90.09
30.90472,114.11722,74.67
45.41,126.45,74.36
43.0,-92.5,67.35
53.4,16.3,66.64
38.88,-120.64,65.78
65.225,-19.71194444,59.95
-42.78133,-71.47167,65.89
3.216666667,101.83975,40.08
-6.01732,145.41601,57.78
42.9849,-81.2453,52.19
9.19,-79.76,15.67
9.03,-79.62,22.86
51.82,11.7,66.91
35.9076,-79.0506,71.23
59.9979,10.7895,65.38
39.7181,-123.6527,76.96
37.83,-122.29,100.0
43.073,-89.4011,100.0
39.7181,-123.6527,77.29
38.8927,-106.9112,39.54
39.6475,-79.9369,78.63
49.08,-89.38,61.85
46.42,-83.37,63.48
38.9203,-106.9495,61.17
28.15,116.55,47.87
23.14,113.34,80.28
37.3,118.62,69.25
-25.55,28.29,75.57
39.74,-123.63,79.38
39.96,116.43,77.43
24.18566,121.341514,78.07
43.93333,-71.75,60.47
58.31679,25.49964,62.03
58.27872,27.32624,64.4
58.92812,23.86384,61.16
36.92195,-2.51109,74.6
59.344267,23.919376,68.96
58.144418,25.26283,63.64
59.61505,24.98713,68.28
58.33807,25.45529,62.17
43.0,-92.5,51.58
22.48,113.57,84.25
34.09,-118.43,76.5
30.91778,119.50972,74.12
28.68,121.43,73.75
29.79,-94.03,76.76
68.38,-149.43,73.55
31.11,-95.15,66.62
-5.82124,145.14143,29.89
-6.3755,145.2558333,46.42
13.49556,75.2251,60.09
45.41,-73.25,64.52
35.0,-83.5,56.85
34.1843333333333,118.191166666667,74.86
32.92228,-87.429,70.2
39.0,116.0,85.18
52.32,-121.92,68.29
42.532967,-72.209488,68.53
39.7291,-123.6419,67.97
37.4971,-122.129,50.68
39.7291,-123.6419,62.15
37.4972,-122.1293,68.72
38.88,-120.64,65.77
38.9203,-106.9495,57.73
40.46,115.99,75.97
23.14,113.34,75.6
46.49,9.93,84.58
46.49,9.93,85.51
46.06,14.28,82.11
27.4448,111.356,70.66
27.4448,111.348,77.95
27.4448,111.353,81.16
38.249,140.244,76.07
32.479787,119.136439,66.39
39.74,-123.63,82.47
-23.977765,133.712524,70.27
-38.61681239,176.23831458,72.63
39.96,116.3,76.56
68.480101,-155.757647,78.75
71.188863,-156.57256,84.32
-35.105875,139.274772,81.76
38.886306,-120.647694,75.97
58.62038,24.10171,60.43
58.15685,22.5004,64.06
36.92195,-2.51109,54.69
4.991,52.454,67.71
4.991,52.454,69.07
-23.39321,-69.60378,43.51
-23.39321,-69.60378,42.04
21.5416,-158.0875,86.66
39.5673,-123.4758,71.78
21.5416,-158.0875,86.62
24.88,102.66,71.28
43.0,-92.5,65.96
47.5079,-93.453,72.74
68.38,-149.43,71.62
-9.41755,147.37845,60.52
-3.598,-69.53,49.15
-5.82124,145.14143,28.5
59.49325,25.36253,68.41
-49.376367,-72.881183,70.48
38.535556,-121.772778,75.5
9.09,-79.65,21.36
64.85,-147.84,63.25
29.6777,-82.02426,72.27
39.0,116.0,77.42
39.55,-107.97,73.33
31.11,-95.15,71.53
42.550409,-72.180244,64.4
39.05,-99.1,62.68
42.471116,-72.17263,54.17
42.532967,-72.209488,57.07
39.070856,-96.582821,61.42
39.7181,-123.6527,76.31
43.073,-89.4011,68.16
42.481016,-72.178343,72.6
36.0,-78.0,81.63
43.312222,-89.370833,56.65
18.0,-65.0,62.4
39.05,-99.1,64.71
40.4449,-87.0297,67.66
43.073,-89.4011,93.48
38.8927,-106.9112,58.87
43.312222,-89.370833,56.42
44.23,-122.22,60.14
31.41,121.67,75.69
42.3261,-71.1493,82.08
23.2927,-106.4787,76.77
46.49,9.93,69.21
39.74,-123.63,78.97
39.74,-123.63,81.67
29.94152,34.97481,73.91
-38.26228254,175.96990866,70.69
68.623331,-149.584554,74.92
71.298317,-156.5389,79.32
70.469916,-157.40787,82.64
38.541894,-121.871537,78.73
38.973,-123.1164,77.74
67.904114,18.611643,80.02
78.8965958,12.06373301,85.88
58.93359,22.39061,67.38
58.2617,21.9127,61.75
57.908082,26.273912,63.5
51.5,6.28,57.24
-22.26319,-69.72428,48.87
39.7292,-123.6419,74.51
21.5416,-158.0875,81.98
-2.15816664,103.33375,62.08
39.7279,-123.6444,65.42
28.68,121.43,73.76
30.63278,120.23528,74.05
29.4,100.1,79.84
29.84,-94.04,74.29
49.08,-89.38,62.48
49.08,-89.38,64.3
6.42497,80.41758,53.28
-6.01732,145.41601,57.76
-6.63903,146.90886,62.56
27.00686111111,81.14938888889,59.06
34.1843333333333,118.191166666667,76.19
28.073118,-81.428559,73.35
-21.708519,-47.582469,67.11
38.9206,-106.9514,57.5
39.53,-107.78,70.91
38.88,-120.64,70.99
39.05,-99.1,67.0
42.532967,-72.209488,73.14
59.9989,10.7903,59.85
38.9205,-106.9513,54.63
39.7291,-123.6419,67.9
39.0844,-86.4705,73.49
39.0042816,-77.1012173,66.26
26.6539,-80.6288,79.09
39.0042816,-77.1012173,65.44
38.99297339,-123.0674491,79.01
40.4449,-87.0297,68.6
33.8834,-83.4195,64.52
38.9206,-106.9489,81.7
42.0127,-93.7445,74.2
39.7181,-123.6527,76.03
41.109,-111.7531,74.53
42.481016,-72.178343,68.56
39.6475,-79.9369,78.29
39.5673,-123.4758,69.35
46.73,-117.18,92.18
41.840719,-88.22980712,65.37
23.14,113.34,78.58
46.49,9.93,86.86
-25.56,29.56,88.23
39.74,-123.63,82.18
38.545011,-121.876575,73.85
38.540611,-121.870682,77.81
-30.4704,137.1363,80.26
42.67255,-77.040283,36.68
67.90334,18.606574,80.0
67.903128,18.604355,88.08
57.90369,26.2774,62.53
58.434,23.3011,63.77
58.27948,25.58374,63.19
21.5416,-158.0875,85.09
43.577,4.368,73.53
39.7393,-123.6309,78.9
21.5416,-158.0875,81.91
35.38,100.38,79.67
28.68,121.43,80.17
45.19,8.25,67.21
43.0,-92.5,63.53
44.2225,-85.753483,29.96
38.88,-120.64,69.73
-6.3755,145.2558333,46.04
-6.63903,146.90886,63.54
-9.42183,147.36922,65.69
59.49325,25.36253,67.55
45.41,-73.25,80.26
-35.12282,141.99678,81.59
9.54,-79.6,22.62
9.12,-79.9,23.11
9.38,-79.86,24.74
28.071776,-81.42062,73.73
39.23550963,-121.2836963,68.49
39.070856,-96.582821,67.41
18.0,-65.0,65.01
18.0,-65.0,61.48
31.11,-95.15,71.77
41.9035,-89.3341,74.62
18.0,-65.0,69.22
59.9992,10.7901,62.27
39.7291,-123.6419,70.8
39.53,-107.78,75.46
38.9871,-107.0011,57.89
31.33,120.42,24.08
44.38,83.33,67.46
38.249,140.244,75.7
32.479787,119.136439,69.87
39.74,-123.63,80.74
39.74,-123.63,82.22
-37.926514,145.313136,72.83
47.426944,8.518333,35.47
39.96,116.53,78.38
39.96,116.49,77.37
38.541894,-121.871537,50.8
43.93333,-71.75,61.79
43.93333,-71.75,69.55
72.369,126.475,73.55
67.15680499,-50.082499,79.01
-25.025508,152.379908,75.59
44.677,-90.177,29.23
44.677,-90.177,30.73
46.97,-118.62,82.5
-23.39321,-69.60378,33.72
21.5416,-158.0875,82.15
53.93,-116.58,82.36
51.991111,5.661972,77.1
29.67,91.1,80.53
40.86,108.85,81.93
49.08,-89.38,66.38
46.42,-83.37,61.63
49.08,-89.38,65.07
-6.01732,145.41601,58.75
69.1691,26.9992,56.64
30.3218,119.4427,66.81
9.2641,2.18613,66.43
-7.30364,147.13239,52.35
-76.5713,161.243,70.95
45.68,-72.0,68.73
40.4449,-87.0297,66.67
49.08,-89.38,65.89
39.534762,-107.782602,82.08
42.532967,-72.209488,69.02
38.8759,-120.4437,80.03
35.9076,-79.0506,70.5
38.8826,-106.9101,55.54
38.9206,-106.9489,83.86
37.4968,-122.1333,86.07
39.53,-107.78,74.48
41.7655,-111.8143,67.05
35.9076,-79.0506,71.97
38.9206,-106.9489,81.38
37.83,-122.29,100.0
38.8692,-122.4282,71.69
42.5315,-72.1899,70.48
31.41,121.67,78.1
31.41,121.67,76.89
21.179,-104.5403,72.56
44.14,116.31,77.16
46.70875,10.38847,80.05
45.68,-72.0,73.14
26.4984,107.431,71.52
-26.8,29.46,78.71
39.74,-123.63,79.3
39.74,-123.63,81.42
-38.57567017,176.17455081,78.8
37.3,116.65,77.96
-30.4704,137.1363,81.45
-34.255,138.318,65.91
43.93333,-71.75,69.67
67.15685402,-50.08261903,84.14
67.904114,18.611643,76.34
67.155672,-50.08488097,81.85
44.677,-90.177,36.8
59.29395,24.90647,65.42
58.12324,27.03222,62.07
58.72258,25.06363,59.81
59.18587,23.83031,63.77
46.97,-118.62,83.04
-1.94329018,102.5811431,69.16
21.5416,-158.0875,82.98
39.7292,-123.6419,75.82
35.897,-98.275,67.04
44.2642,-86.1779,33.68
38.98,121.53,97.02
53.4,16.3,65.65
46.42,-83.37,66.19
31.11,-95.15,67.9
-6.01732,145.41601,58.44
45.41,-73.25,82.44
45.41,-73.25,84.64
-25.351,131.0423,77.88
38.535556,-121.772778,74.54
1.42,103.7,74.33
9.09,-79.64,25.74
34.1843333333333,118.191166666667,75.79
29.684073,-81.959108,71.32
